,idArtikel,namaArtikel,isi,namaPenulis,status,tipe,tanggal,idPenulis
0,1,Prevent quickly foot star guy former opportunity article alone kid important risk,Success top ten bed street down teach with. Discover make include brother government wrong. Child surface take body. History floor very mother report finally raise. College me fast bit hope. Ball stop enough decade raise issue.,Rebecca Sandoval,submit,free,2021-01-26 11:20:17,bryantjennifer@example.com
1,2,Begin phone long scientist agent authority prepare yes both edge,Spring blood response heavy movement. Charge lead music see business. Million both decision room. Television church above research job successful. No take many water until.,Stacy Chan,submit,free,2020-02-19 04:43:14,jacob61@example.net
2,3,Least sort rise actually born energy think hit,Build identify seat run. War address guy month not. Thank case case away time democratic. Realize rate staff ball. Fly fact world water nature boy. Couple image understand others baby. Development view seat eye anyone.,Paul Brown,submit,free,2012-09-07 19:43:54,alexander38@example.net
3,4,Hotel exactly use ago I according,Expect affect himself. Whatever no century behind successful of why. Easy spend a believe save. Task much region give project particular. Home order indicate force charge design. However way season similar she professional. Must and speech country admit follow break.,Kelsey Davis,take down,premium,1986-06-03 06:15:28,zachary64@example.com
4,5,Treat push first crime onto star board show take no,Worry score federal song onto gun TV from. Important school kind consumer beat half gun some. For strategy various. Hear edge picture agency. Key every up successful. Baby cause onto worker mother other candidate. Away cell office company. Care month president everyone record Mrs. Far glass him.,Theresa Estrada,take down,premium,1992-04-14 11:46:52,crystalburton@example.com
5,6,Wall organization certain discover through feel easy charge beat,Front pass source project family always address. Film product international industry. Politics order indeed group now bill know. Today yet bit knowledge coach owner. Impact case military turn discover crime fear. Some man maybe among everyone. Matter after year affect reveal bad experience. Wish different age indeed base most week. Professor oil professor help business.,Susan Harris,reject,premium,1975-11-28 18:21:49,joseph76@example.org
6,7,Especially southern group door fall cover,President defense too check. Rather choice stand baby just. Interesting seat language Mrs raise. Interview nothing at poor. Country continue all buy or box. Yet most walk study career including. This certainly full sign.,Terry Wells,publish,premium,1986-12-29 07:29:44,burnettnatalie@example.org
7,8,Just mind mother building walk actually continue number imagine,Seem kind leave five share mission rock. Low even investment cultural responsibility bag. His hotel require country. Amount maybe figure off reason watch argue. Necessary food owner identify. Forward sound task concern than. Challenge event today rock message.,Rachel Lopez,submit,free,2009-12-01 20:10:29,bradyeric@example.net
8,9,Tree suddenly information least imagine including study deep accept old writer,Throughout commercial interest your. Suggest wish travel admit allow reduce everybody especially. Cup base feel Mrs protect property. As mother director much land look think. Require pick just officer down single southern. Whatever answer positive although international trouble us. Agency above radio debate situation. Statement number everyone peace can expect realize air. Yourself near receive hear.,Brian Green,reject,premium,1973-11-03 13:41:17,michael76@example.org
9,10,Huge wall house himself feeling evening center,Focus detail article husband. Agreement available produce majority science between. Simply to miss light after table condition. Record car fear measure south. Yet would magazine author. Off tough difference impact management practice. Audience just really sport. Cell writer avoid affect read. Fire space usually detail image.,Elizabeth Russell,reject,free,1989-03-13 19:52:15,wanda38@example.net
10,11,Short available others thank attack money,Spend pass smile. Court realize rest oil. Set although identify only hope about movie. Republican we that about executive computer fear. Next believe rather couple which. The station time member color southern contain. Professional key TV sort cultural at care. Sit interesting television money student near then understand. Report nearly help them response seat.,Susan Williams,take down,free,1976-08-03 06:24:17,virginia18@example.com
11,12,Attack from attention including everybody human final mention one arm fill character,Plan among relate decade on everybody. Tv police officer security. Base arm computer garden free. Challenge protect resource good. Agent record structure one prepare organization. Leave world science reflect. Study car rule her newspaper teacher section. When institution agency which impact parent story. Degree cultural rule including physical safe. Same former picture western ability woman.,Taylor Johnson,reject,free,1995-04-21 11:11:33,igarza@example.net
12,13,Inside official hold official attack better even onto story,If guess owner on buy skin. Set four free behind condition themselves couple. About perhaps green score. Door bar save lose bank. For always follow boy would lose stock support. Everybody off special drop even program. Ability picture manager product shake agree about. Population leave speak behind.,Andrew Gould,submit,free,1997-06-27 10:19:48,michaelhenry@example.org
13,14,Usually site while strategy say left yes hard,They left tell level. Back anything leg state strategy both check professional. Alone analysis health business indeed pass bill. By will leader management music. Administration unit recent rise use body media discover. Others boy such bar always. Force course box campaign difference system rate myself. Often usually rate foreign.,Lauren Hayes,publish,premium,2002-07-10 11:05:04,owolf@example.net
14,15,Medical understand political girl thought analysis commercial,What theory each once explain very. Admit price live family smile quite crime administration. Rest take little beyond road. Thank possible dream cover since. Computer effort between collection. Scene lay himself use still successful south. Tough floor try indeed.,Travis Schultz,submit,free,2021-03-31 19:58:55,bullockarthur@example.net
15,16,Girl likely eat bring fly approach fine force back offer subject,Hour able discuss beyond. Information as receive difficult yard age. Operation stay different down sit base though. At man candidate government themselves term week. Career popular account shake cultural state itself. Yard mission suggest site. Feeling level his create economic specific apply staff. Race street perform drop recent. Family along community whose. Individual reach four brother other tree away.,Amy Lowe,reject,premium,1995-09-19 21:51:01,csmith@example.org
16,17,Scientist any turn blue college receive significant energy reduce find beat lay,Reflect stage visit strategy speak. Charge recognize home create main traditional. Bit set special ago impact environmental what sign. Night debate say professional within allow eat. Sense painting at baby figure home. Until thousand member in best street six.,Joseph Freeman,submit,free,2014-09-20 19:37:38,taylorkristin@example.net
17,18,Simply somebody along could carry especially just control local even environmental score,Pick very southern thus. Partner better turn factor detail thousand. Quickly daughter country cut environment edge name down. Perform something production shake main agreement former. War word if light alone represent development perhaps. Red accept popular line stage. Sing read reduce his science good major. Along marriage east trial.,Austin Boyer,reject,free,1983-09-08 09:00:54,jessica35@example.com
18,19,Life fear boy role worry program new article protect American case power,Fine here let party explain big list. Some after stuff her once. To such true entire season sign. Item never eight court. Child half plant visit. Trade federal answer kitchen goal our grow. Design go commercial court. Offer employee get sound themselves purpose.,Tasha Rodriguez,submit,free,2020-09-04 01:38:22,wrightcynthia@example.net
19,20,Nothing successful change than and again,Somebody remember they garden through sport its. Force order discover exactly sense threat. Staff style win purpose case. Seat meet quality offer. Senior child image among production old herself.,Stacy Chan,reject,free,1982-02-07 20:58:50,jacob61@example.net
20,21,Teacher government pattern politics research too sell hear,Model star employee size pretty admit. Expert lawyer indeed. Car break early sort can. North throughout little who environment. Mean power dog safe feeling. Man fast however industry buy score general behind. Environmental item majority police important. Run behavior recently.,Laurie Wallace,take down,premium,1983-01-26 16:11:06,clementslaura@example.com
21,22,Leg many effort station by long painting send team number,Course else account listen. From run manager cell away mind. Effect culture glass executive in movement may poor. Education career control discussion whose. Beyond important party skin single at right. Would again low determine. Institution others home job bar exist. Late responsibility expect south.,Kathy Santana,submit,premium,2013-01-12 09:48:27,cjohnson@example.com
22,23,Foot dog education little surface stand bill report coach rather many Mr something,Mean once oil least floor everyone. Send state former. Kitchen carry movement law. Line attention take evidence. Stop foreign indeed. Short now score ever note. Nor your education. Risk expert key many.,William Garcia,submit,premium,1970-11-25 17:20:09,smithtyler@example.com
23,24,Business community any eat also her cultural may explain move parent skin,Special cell save bank work turn. Ok something not better speech least. Manager pass arm couple building animal change fund. With teacher establish. Great too song tend. Bad say event number local central billion past. Network control sound occur thousand. Central explain say arrive street.,Kathy Santana,submit,free,2018-04-28 23:35:31,cjohnson@example.com
24,25,High poor energy news alone card culture help,Begin body relationship next analysis indeed drop. Newspaper candidate natural lead. Nice stock success former organization. Green name list lay upon. Hundred country how down final add investment necessary. Rule stuff police people. Suggest become ever play total. Catch huge research item. Stage another common physical she peace should.,Theresa Estrada,submit,premium,1982-09-15 02:41:31,crystalburton@example.com
25,26,Doctor would natural laugh all art poor foreign term,Hospital effort store current nor many product. Television ten federal teacher the. Care method wide scene upon wonder art station. Despite late collection own mother. Wide give front manager. Sing player old trouble individual. Air hundred clear tough moment soldier around. Agent meet figure nearly lose physical administration culture.,Michelle Kelley,take down,free,1993-07-11 18:23:07,bennettalan@example.net
26,27,Conference service social protect style others,Floor may water group spend even. Key newspaper theory job free product. Present possible single successful. Political natural road last. Government company already discussion service technology research. Table lay white sign. Wife attack memory staff. Hot role me bar so.,Joseph Jones,submit,free,2015-09-11 08:27:34,kmitchell@example.org
27,28,Old clearly administration style control cost,Sell our for force mention opportunity rock might. First street today hospital lead will with. Show church such happy keep. Last within stand. Film media bed. Do consumer bed color station old. Bar avoid positive someone attorney off human eat.,Dr. James Willis,submit,premium,1994-07-17 16:57:46,mejiaashley@example.com
28,29,Bank soon risk my others order director,Support that ahead suffer. Project boy some away. Development always simply shake special. Law office the design east. Bad citizen break save society. Ground chair consider yeah employee per name.,Victor Nolan,reject,premium,1985-07-04 14:24:34,kmalone@example.org
29,30,Conference around commercial price popular buy have,Environment citizen size author. Letter fast yes ground everything develop role. Choice someone prepare business our. Fight nearly play success role partner. Room safe sell present community direction. Best skin first collection. Audience long structure computer police return.,Jill Sherman,reject,premium,1985-11-08 01:53:15,cward@example.net
30,31,Congress perform read production win form great doctor common treat stay parent,Computer subject firm after participant. Watch for others wear pay. Ball too particularly. Arm ready foreign whose us strategy. Whose result determine Republican he indeed. Hand hear run available summer page. Way here year toward design.,Taylor Johnson,reject,premium,1979-11-09 12:23:45,igarza@example.net
31,32,Clearly body whom reduce draw hospital account mean part agent,Road north speech reason shoulder after control. Short environmental save goal task mention author. Bar policy minute dinner at hold white. Story the partner positive single produce almost. Sister yet fast force. Class class at former wife wrong. Yeah save tonight million themselves central stage. Doctor ability security culture.,Victoria Hernandez MD,submit,free,2007-02-06 12:10:20,ntaylor@example.com
32,33,May recent cover debate decade table visit able behind it only method rate,Significant share relate end blue remember account. College discover first high. Since floor east expect he agreement. Hotel develop fund building. Gun trip one if. Drive team into arm relate. Trade article head beyond reveal successful seem.,William Roberts,submit,premium,2018-03-20 22:24:54,david95@example.org
33,34,Fact sense decade hear wide their,Break sort behavior director. Skill white play affect significant entire away. Executive road us back. Decide source know all. Enjoy than occur occur travel beyond. Debate him alone suggest accept school. Paper significant approach discover picture defense admit. Walk range international shoulder.,Jennifer Morales,submit,premium,1990-08-30 02:30:09,fcarpenter@example.com
34,35,Happen study word public grow activity agreement painting environmental executive successful pretty knowledge,Per enough enough responsibility significant. Friend green near item serve since. Far couple none community industry admit. City mother last score however reach serve. Affect guess million form interesting eat be. Positive through yard.,Sean Green,reject,premium,1995-02-05 03:16:34,kenneth85@example.org
35,36,Fish road young collection reduce industry,International continue baby foot. Word first himself idea behind street. About region industry hot member itself. Enter will quickly near discuss pressure. Avoid Congress list community. Save home sure child player. Dark audience far life.,Heather Roberts,take down,premium,2004-08-18 19:27:23,lauragonzales@example.org
36,37,Key daughter idea heart camera might here,Major hope economy important much. Star boy move skill effect might people. Movie young air seven might. Sure edge arrive table similar bed option half. Citizen detail quickly involve year already partner. Finally wear each five idea authority position. Site bed foot opportunity mouth present.,Michelle Hughes,take down,free,2001-11-14 11:43:28,pittsmichael@example.net
37,38,Than two since any cause computer throughout,How white visit stand mother. Morning movement stay skill cell local society Democrat. Once consider international look prevent management. Pick minute go record. Simply less campaign sit increase challenge. Five safe produce may race live. Later stop bill southern will speak or.,Albert Williams,take down,premium,1970-10-30 02:00:27,lwilliams@example.org
38,39,Agent matter mother seem medical goal tonight my surface institution,Very table through item better behind city girl. Get boy break present authority son will rate. Soldier strong charge director. Might field meet all. Today book support size city bar. These total sign know laugh. After beat entire think explain out purpose.,Faith Cabrera,publish,free,1986-05-25 08:37:18,justin39@example.org
39,40,Difference experience get from land population fly season success foreign however government trouble value,Moment travel look ready TV information black. Yes find wait. No such believe middle in happen health learn. Alone agent matter design prevent memory. Hotel check push fight case change. Human western role modern stop.,Joshua Hernandez,reject,premium,1977-04-15 07:30:31,carl05@example.net
40,41,Listen poor draw century process spring health finally effort,Finish wish rate. Weight development base establish people. Short so defense live center friend. Form ready special same practice four. Unit nearly miss. His can already side image. Down anyone in arm defense industry writer.,Cheryl Bradley,submit,free,2003-05-17 11:32:10,longjacqueline@example.org
41,42,Can these bad sister science green role amount,Find listen deal dinner. Range Republican value effect pick mean born by. Style might evidence into represent. High about wish half watch exactly. Development edge people figure. Group example although study role. Security add service activity travel will way. Probably commercial brother head successful source. Need friend do among themselves station scientist.,Laura Gregory,take down,premium,1990-04-10 13:22:43,howardemily@example.com
42,43,List she thing west growth important serve compare dark design treatment table,They join century old. Current education find listen. Choice author serve more the. Short always how officer trouble. From purpose whom health deal among place. Short project two letter form character. Charge friend throughout since go into hand record.,Matthew Russo,submit,premium,1995-04-02 03:17:45,monica30@example.com
43,44,Ability always help watch oil himself study middle section nearly,Real data budget party action. Someone white enjoy join goal test animal. Particular institution lead rock. My night this none attack same base. Close weight family friend total find paper. Or charge trouble within above.,Katherine Ibarra,submit,free,2016-09-17 10:53:48,lramirez@example.net
44,45,Bank condition reduce energy animal still by can this will right fight people,Spend piece power be nor result best. Nation important decide notice. On particular decision plant audience owner ok. Hand red speak agency. Person put see age. Rise this network on shoulder behavior purpose. Oil forget heart truth nothing feeling adult. Single special now until. North much drive report.,Lisa Johnston,submit,premium,2001-10-10 23:11:23,audreyburton@example.net
45,46,Support doctor above national experience soon tree work buy college next son,Ask law cell contain bring matter lay fish. Star teach sing against offer. Fact economic never sort mind job. Present pattern court bill discussion while. Amount difficult show TV. Ask action top identify close now. Century cost room blue media network around animal.,Albert Williams,publish,premium,2017-08-16 02:03:03,lwilliams@example.org
46,47,Type relate piece factor talk start short run run,Think accept discuss leave political pressure him. Book forward light why page popular continue. Least sort sometimes require finally. Apply ever many amount time instead. Federal only easy though meeting new Republican. Young compare kid themselves road person national. Gun thing growth hair follow time set nor. Sell hotel western. Nor remain threat him how ok. Again leg field activity sing hour offer. After build then hospital about.,Kimberly Maynard,reject,premium,2011-05-09 20:03:32,scott54@example.com
47,48,Former bag news especially bad no agree sit night do kid,Any energy her. Pm skin fill detail less lot project. Front decade remain up people road. Director beyond situation cell edge three tend. Box letter school. Protect kind himself business out skin foreign improve. Service commercial generation without.,George Allen,submit,free,2018-12-10 01:21:05,kelsey56@example.com
48,49,Believe impact product space plant six agree draw,Office suggest left. Could force subject enter challenge once raise data. Staff none throughout on bar. Material happy return everything bill clear film. Plant sign citizen however professor down cold indicate. Pay budget kitchen upon.,Timothy Tucker,submit,free,2020-03-31 10:32:19,coxtina@example.org
49,50,Off plant commercial address artist strong page very site score share push kid,Garden data wife send. Table office general. Usually east chance religious most. Machine could suddenly take thank improve. Shoulder every to worker treat station suffer book. Develop house market tree ahead major good. Shake also stay fall young tree. Option my serve bed some.,John Richards,reject,premium,1972-08-21 10:13:02,tpayne@example.org
50,51,Talk begin recently laugh same way process provide medical hour reveal knowledge,Number crime reduce area expert here four him. Lawyer light run decision not worker. Identify Mr politics assume small. Action laugh doctor speech action cold most. Painting drug decide family present likely wind. Senior rise direction he democratic. Must whose pressure call usually wrong no. Hundred low south owner institution. North method position song husband end.,Andrew Butler,submit,free,1987-10-06 12:50:27,francisco25@example.net
51,52,Return ever try product thing beyond,Last simply dark life girl. Main us significant age. Represent tonight although middle hot affect. Themselves upon his fly development region. So officer consumer pattern above throw. Week alone brother herself very. Simple cold someone boy.,Danny Williams,reject,free,1989-08-12 13:29:16,jennifersimmons@example.net
52,53,Especially tell risk decade candidate officer rate detail,South ok lose health worker. Live blood some between animal raise bring. There scientist let. Modern realize line kid force wide house. Perhaps data tend name effect lot give. Series treatment major contain suddenly between why result.,Rebecca Stark,submit,premium,1997-10-01 03:37:01,alexander44@example.net
53,54,Artist customer owner decision wish offer difficult particular sound difficult effect read,His whom suddenly fine discussion hundred. Response young group carry foot. Red arm unit event wrong time keep. Station keep choice truth pass painting. Decision southern growth skill unit notice. Any through development decision. Sea teacher among garden once good. Today few of recent mother season behavior carry.,Jamie Hutchinson,take down,free,1987-03-19 07:32:58,welchzachary@example.net
54,55,Room line because conference street take former describe need eight high mission say,Reveal thus modern thought common range prepare. East including consumer your edge. Evidence agree across cost crime police may. Pressure political research. Only choose doctor artist whom value. Hear citizen scene.,Meredith Rios,publish,premium,1980-07-25 19:52:13,jenniferwaters@example.net
55,56,Could risk with more price material week market,Nice industry culture face shoulder bad. Few stock play billion benefit chair. Fast answer development. Real around soon stay fight easy rule. Very hit force avoid draw western. American course response hotel PM why if. Heart particularly night money occur pick become.,Matthew Bell,reject,premium,1985-01-17 09:00:05,gburns@example.com
56,57,According paper discover place group force agreement question point under degree when,East east wrong. Through both let save much force team other. Senior former less understand skill bit friend. Well health table this skin reflect. Much more federal suffer rich seem plant. Base teach behavior will much.,Brandi Meyer,take down,free,1971-01-18 17:13:13,coreycannon@example.com
57,58,Avoid young arm point already world specific include music environment likely,What professional cover various second report certain possible. Star large two leader foot your. Return college country peace. Cup true let tough. In book buy information life near. Between poor sister study fast wrong.,Vanessa Cooper,reject,free,1979-04-06 15:26:17,williamjones@example.org
58,59,Public include return bed style board reflect wear similar,Economic option feel fill about article lead air. Television matter number stop. Mean simple focus until several sing quality relationship. Dinner majority last rich. Air method impact college hot under. Surface cup indeed certainly.,Mr. Ryan Sanchez,submit,free,1988-11-26 16:19:21,lfox@example.net
59,60,Two school structure human southern huge player me whole cup staff let,Itself allow we Mr media Democrat. Development manage available health hand just military. Better quality history find great medical discover. Property half deal bad people. Dark wrong inside write talk. Inside mind especially against measure action because door.,Michelle Kelley,submit,premium,2019-11-07 15:31:40,bennettalan@example.net
60,61,Weight room east suffer child four his need give finish,Hope real security window picture order. Young although end. Out still many. Pattern we notice course exist. Home anyone this. Political though side than tonight dog beautiful. Party eat court strategy base black.,Brandi Meyer,reject,premium,1981-06-01 08:10:44,coreycannon@example.com
61,62,Near mission involve sell represent central feel right performance everybody key who strategy,Then public need media first seven language must. Staff land onto board perhaps spend whom. Cultural day east. Serious method contain direction set you question. Yet meeting outside cover happy. Policy shoulder research daughter live final get. They it improve clearly though important pass pull. Then financial people prove can. Human audience type play. Say detail my with memory.,Nicholas Massey,take down,free,1982-07-05 15:24:11,anthonyruiz@example.org
62,63,Like occur become claim Mrs center,Much public across. Friend pretty firm begin understand. Tend effort college police direction. Improve check religious teach free beyond pay. Choose simple around. Accept buy article social yourself over company fast. Vote writer behind wide American. Because again fast tell there wait may enter.,James Stone,submit,free,2000-06-25 13:06:33,donnasimpson@example.net
63,64,Avoid goal view few type feeling grow,Coach note and. Individual decision yes end. Close sister drug yeah unit. Improve similar full drug research. Whatever stay few heavy find bring sit. Young interesting hot mean produce total those draw.,Jill Sherman,submit,premium,1992-06-03 03:22:30,cward@example.net
64,65,Have oil recent job rule protect lay style position drive within rock short,Would whom everyone product. List bit positive there. Much knowledge reveal center step respond shake. North himself build town call listen. Know million region pay almost possible. Memory north clearly identify. Certainly decision lay market difference. President evening network hair create.,Stephanie Bowman,submit,premium,2019-12-18 03:33:13,qherrera@example.com
65,66,Military realize sport executive door benefit include song oil least stop,That practice officer police. That past institution. Support fall commercial late. Realize whom picture example. Tv spend girl trade audience determine shake nothing. Scientist window program case leader raise. Professional school culture without clearly. Grow which necessary.,Austin Heath,submit,premium,2014-04-07 09:26:40,kingerin@example.net
66,67,To point threat address best type tend culture,Energy significant cause service can treatment. Light nature writer later cause expect. Similar political likely common identify recently my. Song away experience game give ball behind coach. Way many debate hear partner value wear. Along sure yet language red other. Shake collection begin out admit forward myself free. Majority painting nothing matter available each research.,Janice Johnston,reject,free,2002-10-01 11:29:51,granthaley@example.net
67,68,Economic the for sometimes friend probably course catch degree body,Throw line employee recognize ahead town during. For discussion course kitchen listen seven draw upon. Door heart city attorney hold. While all cell. Eye space cultural large before political. Group not fill good. Hope college executive.,Danielle Castro,submit,premium,2017-03-05 22:28:05,thernandez@example.org
68,69,Individual enjoy outside fall can college history instead,Idea my sometimes ago. Alone meeting nice single. Factor manager against may factor nation. Anything majority color weight easy yourself type speech. Process until brother strong star treatment. Top improve improve political. Consumer bar artist out outside discover. Show use accept into.,Alexa Hernandez,submit,free,2008-09-21 11:23:46,thompsonrobert@example.org
69,70,Fund yard art against PM buy of behavior customer station officer toward,Every fine let action nation. Go street during share structure read. By traditional perform. Skill truth baby. Management answer heavy couple industry. Large cell talk upon. Air evening agent science. Better quite which deal thing audience.,Gary Perry,reject,free,2001-12-17 22:41:34,tranmark@example.net
70,71,Public idea space foot number PM notice key watch their money watch address,Sing dream herself skin same almost continue result. Arm from left nothing within. Memory theory fire growth onto. Any safe voice deal campaign owner. Bring view ground case everybody effect pick. Herself year let child company matter.,Victor Nolan,publish,premium,2004-03-12 13:50:22,kmalone@example.org
71,72,Interest culture become once case media special,Throughout agent financial drop. Thus health miss doctor job manage ready. Program political board. Training guess within. Team likely sort. Role care field keep act. Either task forward increase economy all adult future.,Faith Cabrera,submit,free,2012-08-18 01:38:20,justin39@example.org
72,73,Contain during as eight red both market necessary open pretty detail,Program possible performance reveal. Body before politics number. Minute south will tend discover. Sit son stay the into nor into. On moment population hundred there. Full east debate western join view conference bag. Form maintain thus.,Christopher Hunter,submit,free,1997-07-31 23:04:56,tyler04@example.net
73,74,Blue development goal win example time project enough realize camera impact born not,Ball company clearly never quickly. Skill artist individual. Nation across popular call near benefit major. Act live voice allow her. Dog event month. Sister less type decision important. Cold ever first time wife she. Night bank resource bed agree. To country reveal body fall.,Michael Simmons,take down,premium,1978-01-28 11:27:29,shudson@example.org
74,75,Executive compare artist adult Democrat surface impact against probably drug would seek series,Sense continue foot loss property perhaps research. Ready teach approach successful sing show former. Science property music. Military senior reflect author base international admit. Evening agent take amount forget thus phone. Particular still why performance way task second. Manager image maybe myself find listen ground. Company prevent glass visit brother ago charge movement. Role hold personal large ago media building.,Austin Heath,submit,premium,2012-09-15 01:17:43,kingerin@example.net
75,76,Age safe mother fill individual any report speak everyone shoulder subject,Own very there dinner number. Turn natural may. My pressure same near six resource. Public trip start describe human stay sit. Direction they write. Seem significant return forward major war while. Movie pick man face. By north police shake foreign both. Safe usually certain other field commercial say.,Scott Love DDS,submit,free,1983-08-11 10:25:39,richardsbrett@example.org
76,77,Information foreign since charge particularly actually our ahead,Myself show draw stuff behavior agreement. Hard mention explain purpose institution action. What like image to. Business try real build. Both black public drop born upon this. Myself their son prove many.,Michelle Kelley,submit,free,1981-11-28 10:43:21,bennettalan@example.net
77,78,Only environment culture record recent nor current great little hair money audience scene,Thousand language agent trip. Walk begin how cell. Also follow director there ok. Performance go reduce these development budget. Particular six family student later have population take. Raise training state front show sometimes. Risk resource popular. Gun exist national black surface way seat.,Terry Wells,submit,premium,2006-07-04 04:10:42,burnettnatalie@example.org
78,79,Popular area group go respond relationship open look play war particular drive not,Prove pattern much. Anyone north husband movie interview apply than. Whose car mean form water. Prove staff think try. Event throw before however medical. Learn cup order live process let spend. Site since never star number.,Jessica Thompson,submit,free,2007-06-27 00:04:32,jessica32@example.net
79,80,Amount forget might company around work director myself nation,Main beyond better current bed building thus. There far because later. Meeting member capital opportunity star available person finally. Lawyer performance still same degree. Over authority one discussion international deal chance. Group wrong happen quite time. Both society deal guy cost huge. What run amount guess safe. Employee fly out.,Angela Salazar,publish,premium,1981-08-28 05:19:50,nicole00@example.com
80,81,Deep protect attack article age others ground machine the billion song television benefit,Some couple left couple director. Actually whom clearly next. Attorney interesting throughout add imagine goal. Head you reason buy public nice. Pattern my inside bank. Figure effect course official. Notice live figure. Tell shoulder billion feeling begin election rule.,Whitney Stark,submit,premium,2009-12-06 17:55:21,bramirez@example.org
81,82,Process within toward nothing space most poor national like,Board in billion sister through foot. Expert travel reality teacher administration run allow. Drug child life sea show why. Station your successful necessary study. Wrong possible no indicate. Each bank their item claim. Compare only coach stage. Rich she TV consider future.,Jeremy Green,reject,premium,1982-11-30 05:17:42,williamsmichael@example.com
82,83,Leave song this eat expert produce fish,Discuss agreement reflect live political throughout name early. Fact which who fall. Story parent one man. East play whose step dream soon tend. Idea not treat politics. Least suddenly son these race. Occur forward decision break security a management. Car speak sense onto.,Barbara Sanders,reject,premium,1971-03-27 20:06:32,kellyamber@example.net
83,84,Image yourself hear parent participant scientist arm shake,Change finally fast yet message. Usually important option. Usually detail road meet wall. Officer certainly minute cold. Care entire friend follow career bad fine. Always beautiful president all north. Human win whatever record billion. Receive family side adult.,Faith Cabrera,submit,free,2023-01-01 18:13:35,justin39@example.org
84,85,Respond make rather from company soldier course sit owner author,Night yet physical before treatment direction. How test street official special senior population worry. Site stop ten. Position floor amount either sometimes sign chance especially. Value stay they reason very week seat. Actually senior oil bar number open.,Timothy Tucker,submit,free,2012-06-03 21:11:38,coxtina@example.org
85,86,Much tough coach stop age list newspaper pay mouth onto generation small,Its suffer manage knowledge. Statement idea week cause hospital involve home along. Daughter organization few use fund. Chair wife nor instead at. Remain enter respond need. Life society girl. Edge travel skin. Even enter somebody herself.,Kathy Santana,take down,free,1979-10-01 03:17:40,cjohnson@example.com
86,87,Director yet president might professional apply culture imagine store all,Site personal buy four occur certain at. Teacher exactly seven. Think current so. Rise party three note. Black throughout soldier bar do kind and.,Raymond Navarro,take down,premium,2004-07-14 03:00:39,xmacias@example.com
87,88,Foreign field key approach talk wear half little direction party defense,Establish garden because turn training. Clear understand director Mrs. Energy government could report. Bank off still second past candidate candidate. Hope investment who two art. Glass beyond big my. Number threat foot economic. Public also then research film.,Richard Kirby,submit,premium,1993-05-31 19:51:58,christystanley@example.net
88,89,Successful age but appear general today own,Bill song federal nothing soon. Appear phone card film appear build discussion. Care trouble kind fund glass five throw. Night else big morning next. Foreign hit skill quite Democrat center. Magazine technology management matter policy strong them. Sure campaign military stay. Ready stop open describe practice series figure.,Jenny Richardson,reject,premium,1990-04-04 00:17:09,derrick63@example.com
89,90,Majority executive common beyond end almost either,Rate arrive sense consider. Recently amount health. Seek environment hold. Sea soon everybody none available yourself station. Successful employee magazine point break. Foot Republican hope speak. American like million article arrive sort. Bar threat money individual house.,William Garcia,submit,premium,1977-05-09 14:28:12,smithtyler@example.com
90,91,Modern show against power performance plan air how name citizen decision thus base,How everything reality technology thing. Level health begin. Own mean growth matter major. Pull glass buy wind. Down people you identify business. Work century general model instead able. Country we final stage concern situation thought. Difference nearly attorney.,Bradley Melton,submit,premium,2017-09-28 13:08:59,sonyafrye@example.org
91,92,Little model several officer base help official contain certain ok himself,Pass law help. Think share performance become movement six. Be follow grow effort assume politics. Partner officer remain. Concern get serious these off partner. Meet eat despite street.,Paul Brown,reject,premium,2007-08-07 12:06:16,alexander38@example.net
92,93,Just go impact affect book mother member everyone,Fall season across case north decade although. Board director law author. Everything church war real. Almost guy newspaper sister let quite. Character place find tree. Let majority feel modern growth work.,Sarah Villanueva,publish,premium,2006-03-25 14:29:56,sfischer@example.org
93,94,Build learn individual mean fact mission power statement figure record fund somebody,Whole raise compare usually find before test. Determine inside cup. On call measure speak. Everything mind short machine remember. Shake skill source five for. Peace part wish list traditional painting. Own particularly throughout Congress that. Need future indicate within gun without.,Julie Chen,submit,free,1974-10-05 09:42:43,bryanfowler@example.net
94,95,Present ever safe term three true never measure fast rich itself,Design require trip difference treat tax foreign oil. Follow let check wife customer my. Them do clear sport ball continue behavior. From everybody money provide season set consumer you. Doctor lead role yard. Evidence throw stand like just tell cover. Miss myself policy person conference by good. Join onto shake offer black exactly concern. Enjoy four probably. Though law parent seat view free mouth the.,Matthew Smith,submit,premium,1997-04-01 17:56:23,jesseevans@example.org
95,96,Side relate remember until rock moment find,Manager rest yes adult mouth wait black. Federal dinner look not finally always. Budget rock visit woman side today. Instead indeed as. Month cup early way born happen.,Scott Love DDS,submit,free,2005-12-27 12:41:05,richardsbrett@example.org
96,97,Girl experience high let fish camera,True production phone responsibility about field. Control business page modern Mrs lose structure. Night involve place important. History girl goal. Near month responsibility they choice. Size store table employee list. Few executive approach college claim. Town than director top last central.,Matthew Russo,submit,premium,1993-05-14 23:53:27,monica30@example.com
97,98,Answer music return interest wind law there treatment couple happen particular factor hotel,Dog institution arm catch wrong short if little. Relate increase response. Particular word Congress real. General produce plan billion agreement more language. Begin career still. Help smile certainly matter. Heart group game message hotel product. Set tend lose poor door attorney green. Then none prepare them rather.,Kimberly Maynard,take down,premium,1975-03-22 18:43:40,scott54@example.com
98,99,Very move create close way usually several real point social guess open take,Bar expert night just. Money time coach. Defense would prove. Thousand drop now usually. Box tonight most mind. Month most ready bag. Itself particular even part thus. People suddenly kind chance these office. Fight test administration discover method.,William Gonzalez,submit,premium,1999-03-06 04:42:34,douglas70@example.net
99,100,From fund four quickly news room,Foreign beat this true read fire car. Big leave heavy serve technology more. Culture management student decade college someone own. Officer bed cost understand two difference down. Research state message action. Like affect weight center town soon. One move everyone discuss. Response already computer daughter. City picture call organization then agent open.,Michelle Hughes,take down,free,1989-02-28 05:16:38,pittsmichael@example.net
100,101,Fear speech cut but fish red budget three attack simple ready message several,Really change far my. Part cup wall ahead require job everyone many. Hit bar near sport dog most over. Industry billion goal participant. Year recent too response system laugh decision. Less along woman affect exactly memory pay. Green expect black everyone in threat. Light material interesting away form thousand Mrs.,Austin Boyer,take down,free,1977-07-30 00:56:24,jessica35@example.com
101,102,Sure since skin clear easy until score effort family,Opportunity ahead scene. Play understand another. Behavior experience anyone fish. Approach resource dream home under guess necessary. Significant record assume. Money relationship lead dog say inside. Television by for order suddenly place.,Rachel Lopez,publish,premium,2008-01-23 18:00:15,bradyeric@example.net
102,103,Political town all enjoy gun effect lose environmental different contain fish why tax,Assume marriage result include anything. Sense president decade along structure. Result responsibility they check lot. Within measure car strategy with. Doctor staff top. Only push item. Forget hope first card. Race allow oil there piece poor despite. Change strong dream.,Charles Wolfe,take down,free,1988-09-17 04:52:28,jonesjose@example.net
103,104,Successful property green miss once form,Before among send respond. Sister describe key nice agent sign school. Computer break last attorney buy. Rock cut fall citizen. Response can later represent player report author modern. Mouth five couple. Few three training her large rate school. Wonder walk which old last.,William Gonzalez,submit,free,2018-10-06 08:12:19,douglas70@example.net
104,105,Lawyer produce draw happy wide town determine painting around future appear senior many,Fight capital reduce. Picture war side foreign rock generation wish away. Raise early itself already act. Beat instead relationship me imagine summer. Dinner force he must. Make win certainly fear newspaper maybe. Thousand have result need value.,Richard Kirby,submit,free,2014-08-17 07:19:35,christystanley@example.net
105,106,Sense relationship guess lay that international,Reality forward local. Conference notice resource she wish. Go simply find politics. Sound sure force once. Other physical character learn story law whatever. Series order speech upon bed some. Computer rather hope effect walk together little collection.,David Williams,take down,free,1991-12-20 00:23:58,emily35@example.net
106,107,Democrat senior your near ago note true stuff decision rich,Listen expect anything view both occur. Collection modern step. Side story price reveal give every letter. Other experience scientist rate in. Those beautiful address thing. Rate perhaps fight onto door one hour. Woman board so trade meet. Sign Congress exactly.,Scott Love DDS,take down,premium,1992-07-07 23:43:53,richardsbrett@example.org
107,108,Hour recognize focus or gas recognize sense rise strategy little,Responsibility when difference support. Stay can public someone trial gas especially. Process national shake situation live civil. Foot list visit now book maybe guess. Necessary cost already up choice. List author crime win part little. Laugh war from high son hard yourself. No staff know news rock everyone become.,Melanie Patrick,submit,premium,2011-02-03 01:24:10,veronica36@example.org
108,109,Bill recently trip system hospital control law try drop story,Country class few PM leader political system group. Season standard heavy science ahead study training. Conference natural month. Control third really detail. Stand as opportunity work process act. Everyone during quite theory quite.,Jennifer Summers,submit,free,2022-04-19 14:14:59,ihurst@example.org
109,110,Explain enjoy deep almost medical manage town ahead only,Business language out myself hear travel right. Trip material add southern discuss. Information get shoulder better usually. Among southern stay never high wear window since. It as understand office thing they their successful. Large that they. At whole box like hold. Indeed end country dinner son son old kind. But stop factor world them appear drug.,Joshua Carter,publish,free,2011-12-11 00:19:46,jeffrey31@example.net
110,111,Heart simply scientist wife gun reason,Reason hair manage walk. Reason big push month. Idea to exactly.,Michelle Kelley,take down,premium,1985-04-22 18:51:33,bennettalan@example.net
111,112,Line front tough head visit off,Indicate between personal mission. Thousand suffer know court recent long on. Mouth prove foreign local short view. Guess politics modern. Move raise character however. Body world huge end less prepare big. Why blue might decade coach.,Matthew Russo,submit,premium,1977-12-08 20:38:14,monica30@example.com
112,113,Around friend miss drug raise herself produce now approach treatment go able trouble,Weight each agreement day bring five. Wait home against resource imagine. Sign expect strong per heavy something. Particular pull simply father line assume follow. Nor south ago begin spring. Name mean since matter hear shoulder eat choice. Pressure beautiful skin occur forward carry effect Republican. Court wall instead rich account want.,Stephanie Hayes,take down,free,1998-04-11 21:17:31,jordanpowers@example.com
113,114,Article decade almost know article old great analysis,Seat media environment look. Drop up great agreement push about. Day after control fight civil. Indicate leg beautiful nor. Late should first writer right drug. Experience Republican something let police result. Writer test war suffer far. Four pull test energy defense song majority. Reflect go someone church mouth medical rich.,Rebecca Sandoval,submit,premium,1992-07-18 08:35:47,bryantjennifer@example.com
114,115,Against difference strategy poor husband box statement foreign,Authority act international nearly. Animal must traditional assume. Test peace pay somebody. World decade spring national anyone concern everybody. Life rich take.,Whitney Stark,publish,premium,2009-03-02 15:50:24,bramirez@example.org
115,116,Many minute face any your try service establish gun rule,Turn that already base project may contain. Ball oil maybe. What adult bill recognize. Forget candidate goal just. Activity read require another read dream. Sometimes section name little. Hold deal size sister media reason.,Sarah Villanueva,submit,premium,1976-09-27 11:55:10,sfischer@example.org
116,117,Understand no generation yet meeting do most son there stand garden choose resource,Property personal matter. Them less strong nothing. Author bar four west. Tv see give three realize here. Young class important condition. Weight purpose wear check join. Their buy politics management police member toward. Which tonight song hot region real. Order however quite thus. Least door senior responsibility.,Taylor Johnson,take down,premium,1983-05-22 07:41:44,igarza@example.net
117,118,Worry myself any seven maintain determine,Human nice stand heart blood. Bad goal show. Produce next could thank statement window. Write interesting pass offer cut. Total pull health. That morning reflect at we agreement. Identify side more.,Joshua Clark,reject,premium,2010-05-23 20:00:09,allenmendez@example.net
118,119,Possible none peace chair fish again cause different form,Organization nature according point girl officer here choose. Third same example small top. Stand open your land ahead statement level. Reduce citizen no walk. American today response past. Common same Congress south represent month get. Prevent person still us may. Give thousand hit.,Kathy Santana,submit,free,2019-09-24 13:56:23,cjohnson@example.com
119,120,Suggest agent out require city may attack movie,Everyone worker field building. Road author treatment prepare low. Say people air late. Machine size dog together member. Debate activity property strategy art though simply. Course room hard financial throughout street actually.,Gloria King,submit,premium,1970-08-05 01:55:34,keymorgan@example.net
120,121,School pull support success prevent war outside not possible appear finally career,Industry operation need interest. Here church thing difference time check truth. Season begin heart hot least thing. Program again body it return order. Stop religious cold. Republican performance ten animal. North past hour create challenge evening. Nothing will approach. Air home just. Hotel something for ever word factor.,Susan Harris,submit,free,2005-03-11 00:12:30,joseph76@example.org
121,122,Family special matter entire break seek difference almost,Hospital figure large door. Court speak a international main minute here. Talk religious response two method everything. Degree within recently. Family mean sort dark identify sea. Mean certain office. Wide huge mind owner. Piece company can information want share debate.,Jasmine Williams,take down,free,1980-10-08 01:38:17,kburke@example.org
122,123,Area inside mother score if magazine respond,For class his. Form other degree trade office approach still. Usually set small force possible herself mean. About certainly away. Along necessary describe sort real good. Hope friend performance school arm eat series. Herself like alone bit. May ahead really serious card.,Caleb Fleming,submit,premium,1989-04-10 15:31:17,davidcrystal@example.net
123,124,Enough get simple civil land body,Believe hard high over today. Black while general sure. Hope themselves different performance wonder. Draw black office. Understand next cut center baby. American sing individual allow contain. Road husband read see. Huge theory exist sing natural mission.,Jennifer Torres,submit,premium,2022-04-24 19:45:29,tyoung@example.com
124,125,Cover factor really agency arrive size dog research provide above team several accept against,Term evening decade mean so spring suddenly. Share event speak start evidence. Account whatever skill method stop. How movement pick card surface around. Until write perform everything accept yourself. Military carry what. Where exactly five political business.,Hannah Reyes,submit,premium,2023-06-11 15:07:10,julie31@example.net
125,126,Television time environment tough think art green manage member probably look challenge,Outside consumer allow it every game whole. Girl wall little structure. Young will word why message consumer would. Design physical when today. Result letter possible your western want recent. Eat drive every law.,Michelle Roman,submit,premium,1989-11-12 08:35:44,christopheryoung@example.org
126,127,Seat hospital central land learn meet ball system notice,Money guess move process truth campaign newspaper. Do now physical rule difficult very school talk. Long national for name reduce ability cultural. Seven next program exactly. Whole light team at sing pay list. Compare imagine vote tax born show toward staff. Machine economy soon part special.,Meredith Rios,reject,free,2012-02-06 19:32:38,jenniferwaters@example.net
127,128,Voice far create Mr difference director good stock another arrive,Pretty serious well operation range full. Strategy best strategy may may cultural. Open return challenge heart. Case thus example especially maintain. Building television go civil. Suffer despite later on. How pressure various personal these against. Agent main but administration weight past officer. Carry identify medical themselves.,Elizabeth Russell,submit,free,2020-04-01 23:53:09,wanda38@example.net
128,129,Include special that type think politics fish rich lose,Bar three class real another rich through. Building station stand decade. Guy follow society father everyone now. Plant place summer position wear treatment. Week training middle control form nearly save. Identify while better a free science. Weight their majority boy. Move ready miss fund to. Citizen standard staff former bar.,Eric Owens PhD,take down,premium,2002-03-14 06:59:36,mlee@example.org
129,130,Run reduce third that relate today compare offer daughter drive,Religious wall suffer western suddenly reach. Where rather difficult cost sometimes side network. Newspaper movement movement lay rest. Them who catch no thought. Large quality reflect best week down. Third our organization subject.,Sean Green,submit,premium,1995-03-06 12:34:16,kenneth85@example.org
130,131,Return weight skill stay bad hard perhaps lay skin debate,My on all often. Father father mention dark prove recognize step. Half girl military political else. Tell executive you ball explain. Thus billion to past up upon raise wait. Less like expert.,Alexa Hernandez,take down,free,2016-09-20 06:06:06,thompsonrobert@example.org
131,132,Enough follow southern involve at eight stage direction bar research chance citizen point,Public within picture. Course why civil. Per poor interview city cut like such. Another perform inside begin top whom type. Adult investment area. Three garden manager fly line add catch television.,Terry Wells,reject,premium,1992-10-10 17:52:09,burnettnatalie@example.org
132,133,Peace degree author through above hit six,Stay pretty teach race computer future claim. Usually yes work. Ahead cup service special small war hundred use. My hundred sea always important. Money air media themselves but dinner gun. Rich painting including structure control president movement design. Station smile rate top. Student financial detail manage subject better phone. Resource local whether similar. Pick risk nothing.,Andrew Butler,reject,free,1983-10-19 02:44:47,francisco25@example.net
133,134,Better start year down order assume,Bit season say him would class. House sea administration design necessary allow floor. Coach senior line create. Book throughout avoid computer dark. Throw body because feeling reason unit quality. Name service here movie admit stay.,Alexa Hernandez,take down,free,1982-07-27 02:29:21,thompsonrobert@example.org
134,135,Anyone key majority share change hair side quite plant respond,Their federal message stand tree. Goal too accept instead order physical word. Old arrive whose give consumer instead trade. Structure foot power. Record admit media loss far allow. Necessary evening son. Front themselves attention wear prove table. Rise anything above follow major. Work author night environmental.,Barbara Sanders,reject,free,1979-05-20 23:14:01,kellyamber@example.net
135,136,Daughter city situation TV entire call important before also success meet key,Occur media determine mean relate free add. Discuss point movement rather. Face off ball agreement. North situation understand investment art. Oil interview decade face term. Receive happen page. Size even lead forward imagine. Evidence music around other box week.,Peter Mcdowell,reject,premium,2018-08-02 09:26:28,michaelwelch@example.org
136,137,Price Mr attack section on reason possible natural,Leader add rather scene. Make character trial PM large. Bag difference key eye. Full surface particularly writer let personal inside. Create board sure against. Try number close land this laugh. Go for base if specific likely scene the. Meet get couple issue good evidence reality.,Caleb Clark,submit,premium,2016-10-31 01:50:39,ericterry@example.com
137,138,Today daughter last woman morning once deal offer firm arm,Team project matter she grow. Style crime blood mouth test. Message establish song weight. Enjoy while whatever health dream discuss base. Simply TV law. Often board reflect say again. Clearly production rich let travel last sense. Campaign cold institution project sometimes all.,Susan Williams,reject,free,1982-12-15 13:45:55,virginia18@example.com
138,139,Call carry deal past remember country,Draw tend perhaps audience resource. Size success return along. Happy sit environmental interest. Push sell beyond student third book. Less eye stand purpose successful partner. Among begin tend send painting someone machine. Huge minute direction learn heart exist reality. Head change herself then approach condition pull.,Mary Alvarez,take down,premium,1985-07-07 18:26:51,dthompson@example.com
139,140,Sure certainly four several new course guess your education arrive condition,Hard glass know change. Light role section take choose inside human. Suffer few country but south which administration. Nation set pull. Usually TV service major shake audience. Able light site class but use. Tough nature what avoid task join.,Elizabeth Russell,submit,free,2000-05-28 21:24:19,wanda38@example.net
140,141,Natural discussion expect attack south check yard better material,End score true feel possible see church. Fund rest relate actually treat. Affect himself past suddenly increase. After president cold. Push painting whole road point. Activity own few service structure sell sense. Practice letter TV.,Jonathan Williams,submit,free,2005-02-04 04:49:07,dpearson@example.com
141,142,Exactly case certainly big concern college only adult wife enough physical vote method,World data effort occur. Do top piece line space subject Democrat. Eight sister party four. Particularly safe guess hard base whose. Interview boy prove hot run necessary art. Everything discover hot right never popular city. Have yet who add social rate base. Information practice land future. Indeed only stop force offer hot computer.,Lauren Hayes,submit,premium,2014-03-09 01:31:06,owolf@example.net
142,143,Raise visit early trial bill person TV maybe ago rate young since,Tend this event. Thank Mrs mission something country include good. Thing program everyone large close far college. Student money cover scene leave way be. Compare first official decade. Learn anything budget. North can yeah project.,Margaret Jones,submit,free,2009-03-30 08:36:08,foxmichael@example.com
143,144,Firm type cell offer enter yourself event tree family admit Republican federal compare movie,Play forget human teach letter music ability. Page pattern range son them. No case democratic work opportunity. Major line fish put walk still body. Choose boy eat where pressure process. Individual easy poor girl quite break they thing. Can why up memory drug road.,Michelle Kelley,reject,free,1997-09-22 18:20:54,bennettalan@example.net
144,145,Standard situation worry gun small thought,Room writer society stay worker argue. Us family how wish old animal. Central hit eye minute. Event thus worry say certain ground. Share fish meeting item during policy. However around want station.,Barbara Sanders,reject,free,1990-05-01 10:52:16,kellyamber@example.net
145,146,Lot western prove recently stuff participant total stuff determine million already billion magazine various,Appear offer important national stand. Where research all south. Skin safe join news chair. Positive within tough step color follow. Care security all in choose treatment hope. Difficult technology member adult magazine. Customer know will family quite magazine. Window scene the care. Modern so trial. Structure recent woman opportunity color you book fall.,Janice Johnston,reject,premium,2003-07-04 08:41:48,granthaley@example.net
146,147,Weight since same find box list first read wear theory important mean,Free clear family common. It in child treat especially night. Red despite network perhaps after force pass six. Their station save soon well.,Rebecca Sandoval,submit,premium,2006-11-08 18:46:43,bryantjennifer@example.com
147,148,Already these growth never machine child quite general animal ball fall pass,Yes tree crime still reflect. Watch skin these these laugh. Serve successful line door customer. Determine within fund behind year. Lay success clearly wear right color yet production. Remain later continue own necessary. Meeting visit service course Mr including. Difference family than middle thus town against single. Here goal political education.,Cheryl Bradley,submit,premium,1979-02-18 10:58:46,longjacqueline@example.org
148,149,Plant happy else at woman politics education federal after skin her church thousand,Book sit she although country relationship. Gun behind window record. Believe strong any purpose newspaper by. Throughout win way guy grow. Successful understand recent year seek. Rich discussion story trade.,Taylor Johnson,submit,free,2012-01-05 02:35:16,igarza@example.net
149,150,Need contain step herself human great area suggest own,Five enter factor yet or fight PM church. Site item wonder by. City future several former face office system. Tonight war open material often. Number both morning light nation position. Training left after bit toward adult also. Run everybody onto sing nearly family.,Charles Wolfe,take down,free,1999-04-27 20:55:34,jonesjose@example.net
