,idLog,namaArtikel,aktivitas,status,tanggal,namaAktor,tipeAktor,idAktor,idArtikel
0,1,Prevent quickly foot star guy former opportunity article alone kid important risk,submit,submit,2021-01-26 11:20:17,Rebecca Sandoval,member,bryantjennifer@example.com,1
1,2,Begin phone long scientist agent authority prepare yes both edge,submit,submit,2020-02-19 04:43:14,Stacy Chan,member,jacob61@example.net,2
2,3,Least sort rise actually born energy think hit,submit,submit,2012-09-07 19:43:54,Paul Brown,member,alexander38@example.net,3
3,4,Hotel exactly use ago I according,submit,submit,1986-06-03 06:15:28,Kelsey Davis,member,zachary64@example.com,4
4,5,Treat push first crime onto star board show take no,submit,submit,1992-04-14 11:46:52,Theresa Estrada,member,crystalburton@example.com,5
5,6,Wall organization certain discover through feel easy charge beat,submit,submit,1975-11-28 18:21:49,Susan Harris,member,joseph76@example.org,6
6,7,Especially southern group door fall cover,submit,submit,1986-12-29 07:29:44,Terry Wells,member,burnettnatalie@example.org,7
7,8,Just mind mother building walk actually continue number imagine,submit,submit,2009-12-01 20:10:29,Rachel Lopez,member,bradyeric@example.net,8
8,9,Tree suddenly information least imagine including study deep accept old writer,submit,submit,1973-11-03 13:41:17,Brian Green,member,michael76@example.org,9
9,10,Huge wall house himself feeling evening center,submit,submit,1989-03-13 19:52:15,Elizabeth Russell,member,wanda38@example.net,10
10,11,Short available others thank attack money,submit,submit,1976-08-03 06:24:17,Susan Williams,member,virginia18@example.com,11
11,12,Attack from attention including everybody human final mention one arm fill character,submit,submit,1995-04-21 11:11:33,Taylor Johnson,member,igarza@example.net,12
12,13,Inside official hold official attack better even onto story,submit,submit,1997-06-27 10:19:48,Andrew Gould,member,michaelhenry@example.org,13
13,14,Usually site while strategy say left yes hard,submit,submit,2002-07-10 11:05:04,Lauren Hayes,member,owolf@example.net,14
14,15,Medical understand political girl thought analysis commercial,submit,submit,2021-03-31 19:58:55,Travis Schultz,member,bullockarthur@example.net,15
15,16,Girl likely eat bring fly approach fine force back offer subject,submit,submit,1995-09-19 21:51:01,Amy Lowe,member,csmith@example.org,16
16,17,Scientist any turn blue college receive significant energy reduce find beat lay,submit,submit,2014-09-20 19:37:38,Joseph Freeman,member,taylorkristin@example.net,17
17,18,Simply somebody along could carry especially just control local even environmental score,submit,submit,1983-09-08 09:00:54,Austin Boyer,member,jessica35@example.com,18
18,19,Life fear boy role worry program new article protect American case power,submit,submit,2020-09-04 01:38:22,Tasha Rodriguez,member,wrightcynthia@example.net,19
19,20,Nothing successful change than and again,submit,submit,1982-02-07 20:58:50,Stacy Chan,member,jacob61@example.net,20
20,21,Teacher government pattern politics research too sell hear,submit,submit,1983-01-26 16:11:06,Laurie Wallace,member,clementslaura@example.com,21
21,22,Leg many effort station by long painting send team number,submit,submit,2013-01-12 09:48:27,Kathy Santana,member,cjohnson@example.com,22
22,23,Foot dog education little surface stand bill report coach rather many Mr something,submit,submit,1970-11-25 17:20:09,William Garcia,member,smithtyler@example.com,23
23,24,Business community any eat also her cultural may explain move parent skin,submit,submit,2018-04-28 23:35:31,Kathy Santana,member,cjohnson@example.com,24
24,25,High poor energy news alone card culture help,submit,submit,1982-09-15 02:41:31,Theresa Estrada,member,crystalburton@example.com,25
25,26,Doctor would natural laugh all art poor foreign term,submit,submit,1993-07-11 18:23:07,Michelle Kelley,member,bennettalan@example.net,26
26,27,Conference service social protect style others,submit,submit,2015-09-11 08:27:34,Joseph Jones,member,kmitchell@example.org,27
27,28,Old clearly administration style control cost,submit,submit,1994-07-17 16:57:46,Dr. James Willis,member,mejiaashley@example.com,28
28,29,Bank soon risk my others order director,submit,submit,1985-07-04 14:24:34,Victor Nolan,member,kmalone@example.org,29
29,30,Conference around commercial price popular buy have,submit,submit,1985-11-08 01:53:15,Jill Sherman,member,cward@example.net,30
30,31,Congress perform read production win form great doctor common treat stay parent,submit,submit,1979-11-09 12:23:45,Taylor Johnson,member,igarza@example.net,31
31,32,Clearly body whom reduce draw hospital account mean part agent,submit,submit,2007-02-06 12:10:20,Victoria Hernandez MD,member,ntaylor@example.com,32
32,33,May recent cover debate decade table visit able behind it only method rate,submit,submit,2018-03-20 22:24:54,William Roberts,member,david95@example.org,33
33,34,Fact sense decade hear wide their,submit,submit,1990-08-30 02:30:09,Jennifer Morales,member,fcarpenter@example.com,34
34,35,Happen study word public grow activity agreement painting environmental executive successful pretty knowledge,submit,submit,1995-02-05 03:16:34,Sean Green,member,kenneth85@example.org,35
35,36,Fish road young collection reduce industry,submit,submit,2004-08-18 19:27:23,Heather Roberts,member,lauragonzales@example.org,36
36,37,Key daughter idea heart camera might here,submit,submit,2001-11-14 11:43:28,Michelle Hughes,member,pittsmichael@example.net,37
37,38,Than two since any cause computer throughout,submit,submit,1970-10-30 02:00:27,Albert Williams,member,lwilliams@example.org,38
38,39,Agent matter mother seem medical goal tonight my surface institution,submit,submit,1986-05-25 08:37:18,Faith Cabrera,member,justin39@example.org,39
39,40,Difference experience get from land population fly season success foreign however government trouble value,submit,submit,1977-04-15 07:30:31,Joshua Hernandez,member,carl05@example.net,40
40,41,Listen poor draw century process spring health finally effort,submit,submit,2003-05-17 11:32:10,Cheryl Bradley,member,longjacqueline@example.org,41
41,42,Can these bad sister science green role amount,submit,submit,1990-04-10 13:22:43,Laura Gregory,member,howardemily@example.com,42
42,43,List she thing west growth important serve compare dark design treatment table,submit,submit,1995-04-02 03:17:45,Matthew Russo,member,monica30@example.com,43
43,44,Ability always help watch oil himself study middle section nearly,submit,submit,2016-09-17 10:53:48,Katherine Ibarra,member,lramirez@example.net,44
44,45,Bank condition reduce energy animal still by can this will right fight people,submit,submit,2001-10-10 23:11:23,Lisa Johnston,member,audreyburton@example.net,45
45,46,Support doctor above national experience soon tree work buy college next son,submit,submit,2017-08-16 02:03:03,Albert Williams,member,lwilliams@example.org,46
46,47,Type relate piece factor talk start short run run,submit,submit,2011-05-09 20:03:32,Kimberly Maynard,member,scott54@example.com,47
47,48,Former bag news especially bad no agree sit night do kid,submit,submit,2018-12-10 01:21:05,George Allen,member,kelsey56@example.com,48
48,49,Believe impact product space plant six agree draw,submit,submit,2020-03-31 10:32:19,Timothy Tucker,member,coxtina@example.org,49
49,50,Off plant commercial address artist strong page very site score share push kid,submit,submit,1972-08-21 10:13:02,John Richards,member,tpayne@example.org,50
50,51,Talk begin recently laugh same way process provide medical hour reveal knowledge,submit,submit,1987-10-06 12:50:27,Andrew Butler,member,francisco25@example.net,51
51,52,Return ever try product thing beyond,submit,submit,1989-08-12 13:29:16,Danny Williams,member,jennifersimmons@example.net,52
52,53,Especially tell risk decade candidate officer rate detail,submit,submit,1997-10-01 03:37:01,Rebecca Stark,member,alexander44@example.net,53
53,54,Artist customer owner decision wish offer difficult particular sound difficult effect read,submit,submit,1987-03-19 07:32:58,Jamie Hutchinson,member,welchzachary@example.net,54
54,55,Room line because conference street take former describe need eight high mission say,submit,submit,1980-07-25 19:52:13,Meredith Rios,member,jenniferwaters@example.net,55
55,56,Could risk with more price material week market,submit,submit,1985-01-17 09:00:05,Matthew Bell,member,gburns@example.com,56
56,57,According paper discover place group force agreement question point under degree when,submit,submit,1971-01-18 17:13:13,Brandi Meyer,member,coreycannon@example.com,57
57,58,Avoid young arm point already world specific include music environment likely,submit,submit,1979-04-06 15:26:17,Vanessa Cooper,member,williamjones@example.org,58
58,59,Public include return bed style board reflect wear similar,submit,submit,1988-11-26 16:19:21,Mr. Ryan Sanchez,member,lfox@example.net,59
59,60,Two school structure human southern huge player me whole cup staff let,submit,submit,2019-11-07 15:31:40,Michelle Kelley,member,bennettalan@example.net,60
60,61,Weight room east suffer child four his need give finish,submit,submit,1981-06-01 08:10:44,Brandi Meyer,member,coreycannon@example.com,61
61,62,Near mission involve sell represent central feel right performance everybody key who strategy,submit,submit,1982-07-05 15:24:11,Nicholas Massey,member,anthonyruiz@example.org,62
62,63,Like occur become claim Mrs center,submit,submit,2000-06-25 13:06:33,James Stone,member,donnasimpson@example.net,63
63,64,Avoid goal view few type feeling grow,submit,submit,1992-06-03 03:22:30,Jill Sherman,member,cward@example.net,64
64,65,Have oil recent job rule protect lay style position drive within rock short,submit,submit,2019-12-18 03:33:13,Stephanie Bowman,member,qherrera@example.com,65
65,66,Military realize sport executive door benefit include song oil least stop,submit,submit,2014-04-07 09:26:40,Austin Heath,member,kingerin@example.net,66
66,67,To point threat address best type tend culture,submit,submit,2002-10-01 11:29:51,Janice Johnston,member,granthaley@example.net,67
67,68,Economic the for sometimes friend probably course catch degree body,submit,submit,2017-03-05 22:28:05,Danielle Castro,member,thernandez@example.org,68
68,69,Individual enjoy outside fall can college history instead,submit,submit,2008-09-21 11:23:46,Alexa Hernandez,member,thompsonrobert@example.org,69
69,70,Fund yard art against PM buy of behavior customer station officer toward,submit,submit,2001-12-17 22:41:34,Gary Perry,member,tranmark@example.net,70
70,71,Public idea space foot number PM notice key watch their money watch address,submit,submit,2004-03-12 13:50:22,Victor Nolan,member,kmalone@example.org,71
71,72,Interest culture become once case media special,submit,submit,2012-08-18 01:38:20,Faith Cabrera,member,justin39@example.org,72
72,73,Contain during as eight red both market necessary open pretty detail,submit,submit,1997-07-31 23:04:56,Christopher Hunter,member,tyler04@example.net,73
73,74,Blue development goal win example time project enough realize camera impact born not,submit,submit,1978-01-28 11:27:29,Michael Simmons,member,shudson@example.org,74
74,75,Executive compare artist adult Democrat surface impact against probably drug would seek series,submit,submit,2012-09-15 01:17:43,Austin Heath,member,kingerin@example.net,75
75,76,Age safe mother fill individual any report speak everyone shoulder subject,submit,submit,1983-08-11 10:25:39,Scott Love DDS,member,richardsbrett@example.org,76
76,77,Information foreign since charge particularly actually our ahead,submit,submit,1981-11-28 10:43:21,Michelle Kelley,member,bennettalan@example.net,77
77,78,Only environment culture record recent nor current great little hair money audience scene,submit,submit,2006-07-04 04:10:42,Terry Wells,member,burnettnatalie@example.org,78
78,79,Popular area group go respond relationship open look play war particular drive not,submit,submit,2007-06-27 00:04:32,Jessica Thompson,member,jessica32@example.net,79
79,80,Amount forget might company around work director myself nation,submit,submit,1981-08-28 05:19:50,Angela Salazar,member,nicole00@example.com,80
80,81,Deep protect attack article age others ground machine the billion song television benefit,submit,submit,2009-12-06 17:55:21,Whitney Stark,member,bramirez@example.org,81
81,82,Process within toward nothing space most poor national like,submit,submit,1982-11-30 05:17:42,Jeremy Green,member,williamsmichael@example.com,82
82,83,Leave song this eat expert produce fish,submit,submit,1971-03-27 20:06:32,Barbara Sanders,member,kellyamber@example.net,83
83,84,Image yourself hear parent participant scientist arm shake,submit,submit,2023-01-01 18:13:35,Faith Cabrera,member,justin39@example.org,84
84,85,Respond make rather from company soldier course sit owner author,submit,submit,2012-06-03 21:11:38,Timothy Tucker,member,coxtina@example.org,85
85,86,Much tough coach stop age list newspaper pay mouth onto generation small,submit,submit,1979-10-01 03:17:40,Kathy Santana,member,cjohnson@example.com,86
86,87,Director yet president might professional apply culture imagine store all,submit,submit,2004-07-14 03:00:39,Raymond Navarro,member,xmacias@example.com,87
87,88,Foreign field key approach talk wear half little direction party defense,submit,submit,1993-05-31 19:51:58,Richard Kirby,member,christystanley@example.net,88
88,89,Successful age but appear general today own,submit,submit,1990-04-04 00:17:09,Jenny Richardson,member,derrick63@example.com,89
89,90,Majority executive common beyond end almost either,submit,submit,1977-05-09 14:28:12,William Garcia,member,smithtyler@example.com,90
90,91,Modern show against power performance plan air how name citizen decision thus base,submit,submit,2017-09-28 13:08:59,Bradley Melton,member,sonyafrye@example.org,91
91,92,Little model several officer base help official contain certain ok himself,submit,submit,2007-08-07 12:06:16,Paul Brown,member,alexander38@example.net,92
92,93,Just go impact affect book mother member everyone,submit,submit,2006-03-25 14:29:56,Sarah Villanueva,member,sfischer@example.org,93
93,94,Build learn individual mean fact mission power statement figure record fund somebody,submit,submit,1974-10-05 09:42:43,Julie Chen,member,bryanfowler@example.net,94
94,95,Present ever safe term three true never measure fast rich itself,submit,submit,1997-04-01 17:56:23,Matthew Smith,member,jesseevans@example.org,95
95,96,Side relate remember until rock moment find,submit,submit,2005-12-27 12:41:05,Scott Love DDS,member,richardsbrett@example.org,96
96,97,Girl experience high let fish camera,submit,submit,1993-05-14 23:53:27,Matthew Russo,member,monica30@example.com,97
97,98,Answer music return interest wind law there treatment couple happen particular factor hotel,submit,submit,1975-03-22 18:43:40,Kimberly Maynard,member,scott54@example.com,98
98,99,Very move create close way usually several real point social guess open take,submit,submit,1999-03-06 04:42:34,William Gonzalez,member,douglas70@example.net,99
99,100,From fund four quickly news room,submit,submit,1989-02-28 05:16:38,Michelle Hughes,member,pittsmichael@example.net,100
100,101,Fear speech cut but fish red budget three attack simple ready message several,submit,submit,1977-07-30 00:56:24,Austin Boyer,member,jessica35@example.com,101
101,102,Sure since skin clear easy until score effort family,submit,submit,2008-01-23 18:00:15,Rachel Lopez,member,bradyeric@example.net,102
102,103,Political town all enjoy gun effect lose environmental different contain fish why tax,submit,submit,1988-09-17 04:52:28,Charles Wolfe,member,jonesjose@example.net,103
103,104,Successful property green miss once form,submit,submit,2018-10-06 08:12:19,William Gonzalez,member,douglas70@example.net,104
104,105,Lawyer produce draw happy wide town determine painting around future appear senior many,submit,submit,2014-08-17 07:19:35,Richard Kirby,member,christystanley@example.net,105
105,106,Sense relationship guess lay that international,submit,submit,1991-12-20 00:23:58,David Williams,member,emily35@example.net,106
106,107,Democrat senior your near ago note true stuff decision rich,submit,submit,1992-07-07 23:43:53,Scott Love DDS,member,richardsbrett@example.org,107
107,108,Hour recognize focus or gas recognize sense rise strategy little,submit,submit,2011-02-03 01:24:10,Melanie Patrick,member,veronica36@example.org,108
108,109,Bill recently trip system hospital control law try drop story,submit,submit,2022-04-19 14:14:59,Jennifer Summers,member,ihurst@example.org,109
109,110,Explain enjoy deep almost medical manage town ahead only,submit,submit,2011-12-11 00:19:46,Joshua Carter,member,jeffrey31@example.net,110
110,111,Heart simply scientist wife gun reason,submit,submit,1985-04-22 18:51:33,Michelle Kelley,member,bennettalan@example.net,111
111,112,Line front tough head visit off,submit,submit,1977-12-08 20:38:14,Matthew Russo,member,monica30@example.com,112
112,113,Around friend miss drug raise herself produce now approach treatment go able trouble,submit,submit,1998-04-11 21:17:31,Stephanie Hayes,member,jordanpowers@example.com,113
113,114,Article decade almost know article old great analysis,submit,submit,1992-07-18 08:35:47,Rebecca Sandoval,member,bryantjennifer@example.com,114
114,115,Against difference strategy poor husband box statement foreign,submit,submit,2009-03-02 15:50:24,Whitney Stark,member,bramirez@example.org,115
115,116,Many minute face any your try service establish gun rule,submit,submit,1976-09-27 11:55:10,Sarah Villanueva,member,sfischer@example.org,116
116,117,Understand no generation yet meeting do most son there stand garden choose resource,submit,submit,1983-05-22 07:41:44,Taylor Johnson,member,igarza@example.net,117
117,118,Worry myself any seven maintain determine,submit,submit,2010-05-23 20:00:09,Joshua Clark,member,allenmendez@example.net,118
118,119,Possible none peace chair fish again cause different form,submit,submit,2019-09-24 13:56:23,Kathy Santana,member,cjohnson@example.com,119
119,120,Suggest agent out require city may attack movie,submit,submit,1970-08-05 01:55:34,Gloria King,member,keymorgan@example.net,120
120,121,School pull support success prevent war outside not possible appear finally career,submit,submit,2005-03-11 00:12:30,Susan Harris,member,joseph76@example.org,121
121,122,Family special matter entire break seek difference almost,submit,submit,1980-10-08 01:38:17,Jasmine Williams,member,kburke@example.org,122
122,123,Area inside mother score if magazine respond,submit,submit,1989-04-10 15:31:17,Caleb Fleming,member,davidcrystal@example.net,123
123,124,Enough get simple civil land body,submit,submit,2022-04-24 19:45:29,Jennifer Torres,member,tyoung@example.com,124
124,125,Cover factor really agency arrive size dog research provide above team several accept against,submit,submit,2023-06-11 15:07:10,Hannah Reyes,member,julie31@example.net,125
125,126,Television time environment tough think art green manage member probably look challenge,submit,submit,1989-11-12 08:35:44,Michelle Roman,member,christopheryoung@example.org,126
126,127,Seat hospital central land learn meet ball system notice,submit,submit,2012-02-06 19:32:38,Meredith Rios,member,jenniferwaters@example.net,127
127,128,Voice far create Mr difference director good stock another arrive,submit,submit,2020-04-01 23:53:09,Elizabeth Russell,member,wanda38@example.net,128
128,129,Include special that type think politics fish rich lose,submit,submit,2002-03-14 06:59:36,Eric Owens PhD,member,mlee@example.org,129
129,130,Run reduce third that relate today compare offer daughter drive,submit,submit,1995-03-06 12:34:16,Sean Green,member,kenneth85@example.org,130
130,131,Return weight skill stay bad hard perhaps lay skin debate,submit,submit,2016-09-20 06:06:06,Alexa Hernandez,member,thompsonrobert@example.org,131
131,132,Enough follow southern involve at eight stage direction bar research chance citizen point,submit,submit,1992-10-10 17:52:09,Terry Wells,member,burnettnatalie@example.org,132
132,133,Peace degree author through above hit six,submit,submit,1983-10-19 02:44:47,Andrew Butler,member,francisco25@example.net,133
133,134,Better start year down order assume,submit,submit,1982-07-27 02:29:21,Alexa Hernandez,member,thompsonrobert@example.org,134
134,135,Anyone key majority share change hair side quite plant respond,submit,submit,1979-05-20 23:14:01,Barbara Sanders,member,kellyamber@example.net,135
135,136,Daughter city situation TV entire call important before also success meet key,submit,submit,2018-08-02 09:26:28,Peter Mcdowell,member,michaelwelch@example.org,136
136,137,Price Mr attack section on reason possible natural,submit,submit,2016-10-31 01:50:39,Caleb Clark,member,ericterry@example.com,137
137,138,Today daughter last woman morning once deal offer firm arm,submit,submit,1982-12-15 13:45:55,Susan Williams,member,virginia18@example.com,138
138,139,Call carry deal past remember country,submit,submit,1985-07-07 18:26:51,Mary Alvarez,member,dthompson@example.com,139
139,140,Sure certainly four several new course guess your education arrive condition,submit,submit,2000-05-28 21:24:19,Elizabeth Russell,member,wanda38@example.net,140
140,141,Natural discussion expect attack south check yard better material,submit,submit,2005-02-04 04:49:07,Jonathan Williams,member,dpearson@example.com,141
141,142,Exactly case certainly big concern college only adult wife enough physical vote method,submit,submit,2014-03-09 01:31:06,Lauren Hayes,member,owolf@example.net,142
142,143,Raise visit early trial bill person TV maybe ago rate young since,submit,submit,2009-03-30 08:36:08,Margaret Jones,member,foxmichael@example.com,143
143,144,Firm type cell offer enter yourself event tree family admit Republican federal compare movie,submit,submit,1997-09-22 18:20:54,Michelle Kelley,member,bennettalan@example.net,144
144,145,Standard situation worry gun small thought,submit,submit,1990-05-01 10:52:16,Barbara Sanders,member,kellyamber@example.net,145
145,146,Lot western prove recently stuff participant total stuff determine million already billion magazine various,submit,submit,2003-07-04 08:41:48,Janice Johnston,member,granthaley@example.net,146
146,147,Weight since same find box list first read wear theory important mean,submit,submit,2006-11-08 18:46:43,Rebecca Sandoval,member,bryantjennifer@example.com,147
147,148,Already these growth never machine child quite general animal ball fall pass,submit,submit,1979-02-18 10:58:46,Cheryl Bradley,member,longjacqueline@example.org,148
148,149,Plant happy else at woman politics education federal after skin her church thousand,submit,submit,2012-01-05 02:35:16,Taylor Johnson,member,igarza@example.net,149
149,150,Need contain step herself human great area suggest own,submit,submit,1999-04-27 20:55:34,Charles Wolfe,member,jonesjose@example.net,150
150,151,Around friend miss drug raise herself produce now approach treatment go able trouble,publish,publish,2017-07-20 06:50:06,Susan Wagner,admin,reedgregory@example.org,113
151,152,Worry myself any seven maintain determine,reject,reject,2018-03-23 00:29:04,Stephanie Collins,admin,carterhannah@example.net,118
152,153,Teacher government pattern politics research too sell hear,publish,publish,1986-07-19 14:12:54,Jorge Sullivan,admin,crawfordmichelle@example.com,21
153,154,Sense relationship guess lay that international,publish,publish,2011-01-11 22:58:40,Jorge Sullivan,admin,crawfordmichelle@example.com,106
154,155,Firm type cell offer enter yourself event tree family admit Republican federal compare movie,reject,reject,2010-12-01 06:25:49,Stephanie Sutton,admin,michelelopez@example.org,144
155,156,According paper discover place group force agreement question point under degree when,publish,publish,1976-03-17 00:54:58,Norma Fisher,admin,moodyryan@example.com,57
156,157,Process within toward nothing space most poor national like,reject,reject,2003-05-28 13:28:47,Peter Montgomery,admin,chad23@example.org,82
157,158,Blue development goal win example time project enough realize camera impact born not,publish,publish,2010-10-29 06:51:31,Jorge Sullivan,admin,crawfordmichelle@example.com,74
158,159,Today daughter last woman morning once deal offer firm arm,reject,reject,2019-04-29 03:00:06,Peter Montgomery,admin,chad23@example.org,138
159,160,Treat push first crime onto star board show take no,publish,publish,1997-04-28 21:31:31,Peter Montgomery,admin,chad23@example.org,5
160,161,Democrat senior your near ago note true stuff decision rich,publish,publish,2004-10-17 17:35:07,Susan Levy,admin,levymichael@example.com,107
161,162,Enough follow southern involve at eight stage direction bar research chance citizen point,reject,reject,1993-08-19 09:05:54,Susan Wagner,admin,reedgregory@example.org,132
162,163,Congress perform read production win form great doctor common treat stay parent,reject,reject,1997-09-11 10:38:24,Norma Fisher,admin,moodyryan@example.com,31
163,164,Near mission involve sell represent central feel right performance everybody key who strategy,publish,publish,1988-11-29 00:24:13,Susan Wagner,admin,reedgregory@example.org,62
164,165,Fish road young collection reduce industry,publish,publish,2009-07-03 23:02:54,Brian Hamilton,admin,qcooper@example.org,36
165,166,Especially southern group door fall cover,publish,publish,2022-01-17 19:02:30,Brian Hamilton,admin,qcooper@example.org,7
166,167,Return weight skill stay bad hard perhaps lay skin debate,publish,publish,2017-03-07 05:26:52,Stephanie Collins,admin,carterhannah@example.net,131
167,168,Room line because conference street take former describe need eight high mission say,publish,publish,2020-02-27 17:40:16,Elizabeth Woods,admin,christian11@example.com,55
168,169,Little model several officer base help official contain certain ok himself,reject,reject,2010-02-01 19:09:47,Elizabeth Woods,admin,christian11@example.com,92
169,170,Hotel exactly use ago I according,publish,publish,1989-01-26 01:41:52,Stephanie Sutton,admin,michelelopez@example.org,4
170,171,Political town all enjoy gun effect lose environmental different contain fish why tax,publish,publish,1998-08-05 13:50:17,Brian Hamilton,admin,qcooper@example.org,103
171,172,Artist customer owner decision wish offer difficult particular sound difficult effect read,publish,publish,1997-08-10 11:30:50,Theodore Mcgrath,admin,donnadennis@example.org,54
172,173,Avoid young arm point already world specific include music environment likely,reject,reject,2015-04-07 10:13:38,Theodore Mcgrath,admin,donnadennis@example.org,58
173,174,Call carry deal past remember country,publish,publish,1990-03-06 02:32:05,Theodore Mcgrath,admin,donnadennis@example.org,139
174,175,Wall organization certain discover through feel easy charge beat,reject,reject,2004-08-30 05:54:34,Elizabeth Woods,admin,christian11@example.com,6
175,176,Could risk with more price material week market,reject,reject,1991-10-23 23:51:04,Norma Fisher,admin,moodyryan@example.com,56
176,177,Amount forget might company around work director myself nation,publish,publish,2016-07-29 19:19:55,Stephanie Collins,admin,carterhannah@example.net,80
177,178,Answer music return interest wind law there treatment couple happen particular factor hotel,publish,publish,1995-08-09 08:22:46,Theodore Mcgrath,admin,donnadennis@example.org,98
178,179,Short available others thank attack money,publish,publish,2004-05-22 22:07:22,Stephanie Collins,admin,carterhannah@example.net,11
179,180,Include special that type think politics fish rich lose,publish,publish,2005-09-05 07:54:20,Stephanie Collins,admin,carterhannah@example.net,129
180,181,Than two since any cause computer throughout,publish,publish,1998-03-23 06:13:04,Susan Levy,admin,levymichael@example.com,38
181,182,Explain enjoy deep almost medical manage town ahead only,publish,publish,2019-03-11 23:54:05,Theodore Mcgrath,admin,donnadennis@example.org,110
182,183,Agent matter mother seem medical goal tonight my surface institution,publish,publish,2001-02-20 00:09:43,Susan Levy,admin,levymichael@example.com,39
183,184,Huge wall house himself feeling evening center,reject,reject,1990-12-07 22:25:11,Peter Montgomery,admin,chad23@example.org,10
184,185,Weight room east suffer child four his need give finish,reject,reject,1982-03-25 16:24:53,Jorge Sullivan,admin,crawfordmichelle@example.com,61
185,186,Seat hospital central land learn meet ball system notice,reject,reject,2021-08-19 09:45:31,Elizabeth Woods,admin,christian11@example.com,127
186,187,Daughter city situation TV entire call important before also success meet key,reject,reject,2022-08-14 04:26:31,Norma Fisher,admin,moodyryan@example.com,136
187,188,Tree suddenly information least imagine including study deep accept old writer,reject,reject,2021-07-23 03:46:07,Brian Hamilton,admin,qcooper@example.org,9
188,189,Sure since skin clear easy until score effort family,publish,publish,2017-11-05 21:13:10,Norma Fisher,admin,moodyryan@example.com,102
189,190,Usually site while strategy say left yes hard,publish,publish,2005-07-24 05:44:03,Stephanie Collins,admin,carterhannah@example.net,14
190,191,Peace degree author through above hit six,reject,reject,2018-06-28 14:52:35,Peter Montgomery,admin,chad23@example.org,133
191,192,Conference around commercial price popular buy have,reject,reject,1992-01-28 16:58:40,Stephanie Collins,admin,carterhannah@example.net,30
192,193,Can these bad sister science green role amount,publish,publish,2006-09-15 12:10:39,Susan Wagner,admin,reedgregory@example.org,42
193,194,Need contain step herself human great area suggest own,publish,publish,2007-04-26 00:02:30,Theodore Mcgrath,admin,donnadennis@example.org,150
194,195,Successful age but appear general today own,reject,reject,2020-03-13 01:46:39,Susan Levy,admin,levymichael@example.com,89
195,196,Leave song this eat expert produce fish,reject,reject,1999-01-26 20:51:50,Peter Montgomery,admin,chad23@example.org,83
196,197,Attack from attention including everybody human final mention one arm fill character,reject,reject,2000-04-25 04:20:05,Stephanie Collins,admin,carterhannah@example.net,12
197,198,Simply somebody along could carry especially just control local even environmental score,reject,reject,2022-12-30 11:41:44,Elizabeth Woods,admin,christian11@example.com,18
198,199,Bank soon risk my others order director,reject,reject,1998-10-08 06:07:24,Peter Montgomery,admin,chad23@example.org,29
199,200,Anyone key majority share change hair side quite plant respond,reject,reject,2022-01-21 13:38:14,Stephanie Collins,admin,carterhannah@example.net,135
200,201,Heart simply scientist wife gun reason,publish,publish,2013-07-27 16:22:20,Theodore Mcgrath,admin,donnadennis@example.org,111
201,202,Difference experience get from land population fly season success foreign however government trouble value,reject,reject,1995-01-10 09:56:47,Norma Fisher,admin,moodyryan@example.com,40
202,203,Off plant commercial address artist strong page very site score share push kid,reject,reject,1977-12-21 01:08:06,Theodore Mcgrath,admin,donnadennis@example.org,50
203,204,Public idea space foot number PM notice key watch their money watch address,publish,publish,2015-09-18 10:34:26,Stephanie Sutton,admin,michelelopez@example.org,71
204,205,Against difference strategy poor husband box statement foreign,publish,publish,2023-03-27 13:13:02,Stephanie Collins,admin,carterhannah@example.net,115
205,206,Doctor would natural laugh all art poor foreign term,publish,publish,1998-01-10 04:30:07,Stephanie Sutton,admin,michelelopez@example.org,26
206,207,Fund yard art against PM buy of behavior customer station officer toward,reject,reject,2021-10-21 03:00:28,Elizabeth Woods,admin,christian11@example.com,70
207,208,Return ever try product thing beyond,reject,reject,2011-08-29 14:40:32,Stephanie Collins,admin,carterhannah@example.net,52
208,209,From fund four quickly news room,publish,publish,1991-02-28 19:36:48,Stephanie Collins,admin,carterhannah@example.net,100
209,210,Standard situation worry gun small thought,reject,reject,1992-10-20 04:29:42,Susan Levy,admin,levymichael@example.com,145
210,211,Family special matter entire break seek difference almost,publish,publish,2018-05-18 02:12:38,Theodore Mcgrath,admin,donnadennis@example.org,122
211,212,Just go impact affect book mother member everyone,publish,publish,2015-12-26 00:38:09,Norma Fisher,admin,moodyryan@example.com,93
212,213,Fear speech cut but fish red budget three attack simple ready message several,publish,publish,2010-09-25 07:44:19,Jorge Sullivan,admin,crawfordmichelle@example.com,101
213,214,Key daughter idea heart camera might here,publish,publish,2009-03-02 22:37:24,Peter Montgomery,admin,chad23@example.org,37
214,215,Better start year down order assume,publish,publish,1990-02-28 06:30:01,Stephanie Collins,admin,carterhannah@example.net,134
215,216,Type relate piece factor talk start short run run,reject,reject,2018-11-26 05:48:39,Brian Hamilton,admin,qcooper@example.org,47
216,217,To point threat address best type tend culture,reject,reject,2016-12-31 18:21:00,Susan Levy,admin,levymichael@example.com,67
217,218,Support doctor above national experience soon tree work buy college next son,publish,publish,2019-06-18 02:32:22,Elizabeth Woods,admin,christian11@example.com,46
218,219,Understand no generation yet meeting do most son there stand garden choose resource,publish,publish,2018-12-05 08:19:35,Theodore Mcgrath,admin,donnadennis@example.org,117
219,220,Much tough coach stop age list newspaper pay mouth onto generation small,publish,publish,2008-01-07 06:29:09,Stephanie Sutton,admin,michelelopez@example.org,86
220,221,Lot western prove recently stuff participant total stuff determine million already billion magazine various,reject,reject,2016-07-25 22:55:03,Stephanie Sutton,admin,michelelopez@example.org,146
221,222,Happen study word public grow activity agreement painting environmental executive successful pretty knowledge,reject,reject,2001-07-14 20:18:19,Theodore Mcgrath,admin,donnadennis@example.org,35
222,223,Director yet president might professional apply culture imagine store all,publish,publish,2011-08-22 14:57:37,Norma Fisher,admin,moodyryan@example.com,87
223,224,Girl likely eat bring fly approach fine force back offer subject,reject,reject,2010-11-11 10:33:13,Norma Fisher,admin,moodyryan@example.com,16
224,225,Nothing successful change than and again,reject,reject,1982-09-13 15:40:16,Stephanie Collins,admin,carterhannah@example.net,20
225,226,Understand no generation yet meeting do most son there stand garden choose resource,take down,take down,2019-02-11 01:07:32,Norma Fisher,admin,moodyryan@example.com,117
226,227,From fund four quickly news room,take down,take down,2009-08-07 08:55:06,Stephanie Collins,admin,carterhannah@example.net,100
227,228,Hotel exactly use ago I according,take down,take down,2016-09-26 07:07:37,Jorge Sullivan,admin,crawfordmichelle@example.com,4
228,229,Political town all enjoy gun effect lose environmental different contain fish why tax,take down,take down,2012-09-26 18:36:53,Theodore Mcgrath,admin,donnadennis@example.org,103
229,230,Much tough coach stop age list newspaper pay mouth onto generation small,take down,take down,2008-03-28 22:08:49,Peter Montgomery,admin,chad23@example.org,86
230,231,Than two since any cause computer throughout,take down,take down,2016-06-30 16:32:24,Theodore Mcgrath,admin,donnadennis@example.org,38
231,232,Near mission involve sell represent central feel right performance everybody key who strategy,take down,take down,1998-11-15 16:49:58,Elizabeth Woods,admin,christian11@example.com,62
232,233,Can these bad sister science green role amount,take down,take down,2007-07-01 00:29:06,Peter Montgomery,admin,chad23@example.org,42
233,234,Treat push first crime onto star board show take no,take down,take down,2007-10-18 19:22:21,Susan Levy,admin,levymichael@example.com,5
234,235,Answer music return interest wind law there treatment couple happen particular factor hotel,take down,take down,2017-11-21 04:40:04,Norma Fisher,admin,moodyryan@example.com,98
235,236,Fish road young collection reduce industry,take down,take down,2020-09-01 19:18:18,Norma Fisher,admin,moodyryan@example.com,36
236,237,Fear speech cut but fish red budget three attack simple ready message several,take down,take down,2017-12-19 11:25:04,Theodore Mcgrath,admin,donnadennis@example.org,101
237,238,Family special matter entire break seek difference almost,take down,take down,2019-07-26 08:22:31,Jorge Sullivan,admin,crawfordmichelle@example.com,122
238,239,Sense relationship guess lay that international,take down,take down,2014-12-16 06:55:33,Stephanie Collins,admin,carterhannah@example.net,106
239,240,Artist customer owner decision wish offer difficult particular sound difficult effect read,take down,take down,2010-04-05 22:04:49,Peter Montgomery,admin,chad23@example.org,54
240,241,Blue development goal win example time project enough realize camera impact born not,take down,take down,2013-08-15 16:45:09,Theodore Mcgrath,admin,donnadennis@example.org,74
241,242,Include special that type think politics fish rich lose,take down,take down,2023-02-03 07:49:19,Theodore Mcgrath,admin,donnadennis@example.org,129
242,243,Doctor would natural laugh all art poor foreign term,take down,take down,2018-11-13 05:48:13,Theodore Mcgrath,admin,donnadennis@example.org,26
243,244,Need contain step herself human great area suggest own,take down,take down,2015-09-09 09:46:04,Elizabeth Woods,admin,christian11@example.com,150
244,245,Around friend miss drug raise herself produce now approach treatment go able trouble,take down,take down,2023-05-03 15:27:23,Peter Montgomery,admin,chad23@example.org,113
245,246,Call carry deal past remember country,take down,take down,2005-03-20 11:57:53,Stephanie Collins,admin,carterhannah@example.net,139
246,247,Key daughter idea heart camera might here,take down,take down,2010-04-23 05:40:39,Theodore Mcgrath,admin,donnadennis@example.org,37
247,248,According paper discover place group force agreement question point under degree when,take down,take down,2022-10-01 13:10:50,Stephanie Sutton,admin,michelelopez@example.org,57
248,249,Short available others thank attack money,take down,take down,2017-06-11 08:52:46,Stephanie Collins,admin,carterhannah@example.net,11
249,250,Teacher government pattern politics research too sell hear,take down,take down,2010-08-12 08:08:37,Stephanie Collins,admin,carterhannah@example.net,21
250,251,Better start year down order assume,take down,take down,2006-05-16 05:40:04,Stephanie Sutton,admin,michelelopez@example.org,134
251,252,Democrat senior your near ago note true stuff decision rich,take down,take down,2016-06-22 17:13:04,Susan Levy,admin,levymichael@example.com,107
252,253,Return weight skill stay bad hard perhaps lay skin debate,take down,take down,2022-09-27 13:45:51,Stephanie Collins,admin,carterhannah@example.net,131
253,254,Director yet president might professional apply culture imagine store all,take down,take down,2021-09-11 21:41:28,Brian Hamilton,admin,qcooper@example.org,87
254,255,Heart simply scientist wife gun reason,take down,take down,2019-07-22 07:14:37,Brian Hamilton,admin,qcooper@example.org,111
255,256,Off plant commercial address artist strong page very site score share push kid,membaca,publish,1978-06-18 06:52:06,Joshua Hernandez,member,carl05@example.net,50
256,257,Conference around commercial price popular buy have,membaca,publish,1992-10-21 05:33:38,Michelle Kelley,member,bennettalan@example.net,30
257,258,Usually site while strategy say left yes hard,membaca,publish,2010-02-16 21:57:17,Jonathan Williams,member,dpearson@example.com,14
258,259,Doctor would natural laugh all art poor foreign term,membaca,publish,2012-05-04 02:02:48,Stephanie Lawrence,member,rogerpotter@example.org,26
259,260,According paper discover place group force agreement question point under degree when,membaca,publish,1981-03-25 20:33:20,Susan Williams,member,virginia18@example.com,57
260,261,Off plant commercial address artist strong page very site score share push kid,membaca,publish,1989-01-09 12:18:09,Caroline Chambers,member,mcdanielchristopher@example.net,50
261,262,From fund four quickly news room,membaca,publish,2006-08-03 03:25:30,Julie Chen,member,bryanfowler@example.net,100
262,263,Wall organization certain discover through feel easy charge beat,membaca,publish,2005-05-11 17:54:21,Heather Roberts,member,lauragonzales@example.org,6
263,264,Director yet president might professional apply culture imagine store all,membaca,publish,2011-09-27 14:51:20,Lori Bennett,member,charlotte27@example.org,87
264,265,Type relate piece factor talk start short run run,membaca,publish,2022-08-20 12:16:14,Caroline Chambers,member,mcdanielchristopher@example.net,47
265,266,Weight room east suffer child four his need give finish,membaca,publish,1988-11-26 03:18:07,Raymond Navarro,member,xmacias@example.com,61
266,267,Call carry deal past remember country,membaca,publish,1996-12-06 11:15:06,Nicholas Massey,member,anthonyruiz@example.org,139
267,268,Firm type cell offer enter yourself event tree family admit Republican federal compare movie,membaca,publish,2012-03-06 08:55:13,Michelle Roman,member,christopheryoung@example.org,144
268,269,Off plant commercial address artist strong page very site score share push kid,membaca,publish,1979-12-08 14:21:34,Jennifer Miller,member,starkrobert@example.com,50
269,270,Off plant commercial address artist strong page very site score share push kid,membaca,publish,1978-06-11 04:11:57,Lisa Johnston,member,audreyburton@example.net,50
270,271,Worry myself any seven maintain determine,membaca,publish,2023-03-03 19:50:55,Amy Lowe,member,csmith@example.org,118
271,272,According paper discover place group force agreement question point under degree when,membaca,publish,1986-03-28 00:55:55,Matthew Bell,member,gburns@example.com,57
272,273,Call carry deal past remember country,membaca,publish,1990-10-01 15:01:21,Charles Douglas,member,kinglinda@example.net,139
273,274,Agent matter mother seem medical goal tonight my surface institution,membaca,publish,2015-11-16 21:15:43,Rebecca Stark,member,alexander44@example.net,39
274,275,Off plant commercial address artist strong page very site score share push kid,membaca,publish,1978-06-20 00:37:38,Richard Kirby,member,christystanley@example.net,50
275,276,Off plant commercial address artist strong page very site score share push kid,membaca,publish,2012-10-03 13:56:10,Danielle Castro,member,thernandez@example.org,50
276,277,Off plant commercial address artist strong page very site score share push kid,membaca,publish,1986-07-26 12:17:40,Michelle Kelley,member,bennettalan@example.net,50
277,278,Little model several officer base help official contain certain ok himself,membaca,publish,2019-04-13 16:25:57,Joshua Clark,member,allenmendez@example.net,92
278,279,According paper discover place group force agreement question point under degree when,membaca,publish,1983-03-14 01:57:40,Rebecca Sandoval,member,bryantjennifer@example.com,57
279,280,Off plant commercial address artist strong page very site score share push kid,membaca,publish,1980-09-20 05:43:03,Jennifer Torres,member,tyoung@example.com,50
280,281,Off plant commercial address artist strong page very site score share push kid,membaca,publish,1989-03-28 09:34:35,Whitney Stark,member,bramirez@example.org,50
281,282,Nothing successful change than and again,membaca,publish,1997-02-03 02:48:14,John Richards,member,tpayne@example.org,20
282,283,Could risk with more price material week market,membaca,publish,2011-12-13 10:27:15,Faith Cabrera,member,justin39@example.org,56
283,284,Than two since any cause computer throughout,membaca,publish,2010-02-25 20:29:59,Faith Cabrera,member,justin39@example.org,38
284,285,According paper discover place group force agreement question point under degree when,membaca,publish,1990-10-13 00:05:31,Andrew Butler,member,francisco25@example.net,57
285,286,Include special that type think politics fish rich lose,membaca,publish,2007-10-29 19:14:11,Michael Stewart,member,christopher85@example.org,129
286,287,Weight room east suffer child four his need give finish,membaca,publish,1997-06-06 02:18:20,Katherine Ibarra,member,lramirez@example.net,61
287,288,Off plant commercial address artist strong page very site score share push kid,membaca,publish,1981-12-14 09:45:52,Kimberly Maynard,member,scott54@example.com,50
288,289,Huge wall house himself feeling evening center,membaca,publish,1993-07-19 19:20:50,Bobby Flores,member,brittanyevans@example.com,10
289,290,According paper discover place group force agreement question point under degree when,membaca,publish,1979-07-17 04:38:46,Angela Salazar,member,nicole00@example.com,57
290,291,Weight room east suffer child four his need give finish,membaca,publish,1993-06-27 03:45:00,Dr. James Willis,member,mejiaashley@example.com,61
291,292,Sense relationship guess lay that international,membaca,publish,2011-06-21 03:52:36,William Garcia,member,smithtyler@example.com,106
292,293,Off plant commercial address artist strong page very site score share push kid,membaca,publish,1979-09-23 10:23:13,Raymond Navarro,member,xmacias@example.com,50
293,294,Nothing successful change than and again,membaca,publish,1990-09-13 01:26:42,Matthew Russo,member,monica30@example.com,20
294,295,Leave song this eat expert produce fish,membaca,publish,2003-08-12 15:51:40,Theresa Estrada,member,crystalburton@example.com,83
295,296,Attack from attention including everybody human final mention one arm fill character,membaca,publish,2003-06-29 06:09:05,Austin Boyer,member,jessica35@example.com,12
296,297,Off plant commercial address artist strong page very site score share push kid,membaca,publish,1978-03-02 12:35:35,Gloria King,member,keymorgan@example.net,50
297,298,Huge wall house himself feeling evening center,membaca,publish,2012-01-10 16:26:50,Robin Lopez,member,nortonmarcus@example.com,10
298,299,Off plant commercial address artist strong page very site score share push kid,membaca,publish,1978-03-24 08:40:49,Alex Woodward,member,kelly59@example.net,50
299,300,Off plant commercial address artist strong page very site score share push kid,membaca,publish,1983-01-16 12:59:15,Taylor Perry,member,rwalters@example.com,50
300,301,Enough follow southern involve at eight stage direction bar research chance citizen point,membaca,publish,1997-07-12 03:08:23,Hannah Reyes,member,julie31@example.net,132
301,302,Director yet president might professional apply culture imagine store all,membaca,publish,2015-01-07 07:31:22,Amy Lowe,member,csmith@example.org,87
302,303,Nothing successful change than and again,membaca,publish,2018-12-12 10:34:51,Scott Love DDS,member,richardsbrett@example.org,20
303,304,Off plant commercial address artist strong page very site score share push kid,membaca,publish,1981-10-12 18:57:44,Michael Stewart,member,christopher85@example.org,50
304,305,According paper discover place group force agreement question point under degree when,membaca,publish,1980-02-17 14:30:18,April Snyder,member,william32@example.com,57
305,306,Weight room east suffer child four his need give finish,membaca,publish,2005-10-05 08:21:05,Jonathan Williams,member,dpearson@example.com,61
306,307,Off plant commercial address artist strong page very site score share push kid,membaca,publish,1986-02-24 14:23:31,Jonathan Williams,member,dpearson@example.com,50
307,308,Call carry deal past remember country,membaca,publish,2001-11-27 16:20:26,Caroline Chambers,member,mcdanielchristopher@example.net,139
308,309,Than two since any cause computer throughout,membaca,publish,2011-07-25 03:56:36,Danielle Castro,member,thernandez@example.org,38
309,310,Little model several officer base help official contain certain ok himself,membaca,publish,2010-10-04 02:39:01,Kimberly Myers,member,amontgomery@example.org,92
310,311,According paper discover place group force agreement question point under degree when,membaca,publish,1985-03-14 23:02:35,Kenneth Kent,member,david32@example.org,57
311,312,Teacher government pattern politics research too sell hear,membaca,publish,1986-12-25 01:21:51,Albert Williams,member,lwilliams@example.org,21
312,313,Around friend miss drug raise herself produce now approach treatment go able trouble,membaca,publish,2017-09-11 22:09:24,Autumn Robinson,member,vwallace@example.com,113
313,314,Treat push first crime onto star board show take no,membaca,publish,2007-04-23 09:11:35,Brandi Meyer,member,coreycannon@example.com,5
314,315,Off plant commercial address artist strong page very site score share push kid,membaca,publish,1987-03-25 17:11:47,Dr. James Willis,member,mejiaashley@example.com,50
315,316,Attack from attention including everybody human final mention one arm fill character,membaca,publish,2006-11-13 02:24:16,Jeffery Knight,member,rubiofrank@example.org,12
316,317,Political town all enjoy gun effect lose environmental different contain fish why tax,membaca,publish,2008-09-14 22:00:24,William Garcia,member,smithtyler@example.com,103
317,318,Off plant commercial address artist strong page very site score share push kid,membaca,publish,1978-10-01 14:16:50,Taylor Perry,member,rwalters@example.com,50
318,319,From fund four quickly news room,membaca,publish,1992-11-12 20:21:03,Amanda Hernandez,member,kfinley@example.org,100
319,320,Process within toward nothing space most poor national like,membaca,publish,2008-03-14 07:11:56,Kimberly Maynard,member,scott54@example.com,82
320,321,According paper discover place group force agreement question point under degree when,membaca,publish,1987-05-02 03:34:46,Stephanie Lawrence,member,rogerpotter@example.org,57
321,322,Off plant commercial address artist strong page very site score share push kid,membaca,publish,1992-07-02 10:17:00,Laura Gregory,member,howardemily@example.com,50
322,323,Enough follow southern involve at eight stage direction bar research chance citizen point,membaca,publish,2023-04-20 21:45:01,Peter Mcdowell,member,michaelwelch@example.org,132
323,324,Hotel exactly use ago I according,membaca,publish,2001-12-17 05:27:26,Nicholas Kline,member,jessicacabrera@example.com,4
324,325,According paper discover place group force agreement question point under degree when,membaca,publish,2012-04-15 17:54:45,Terry Wells,member,burnettnatalie@example.org,57
325,326,Off plant commercial address artist strong page very site score share push kid,membaca,publish,1980-04-28 08:15:03,Erica Jimenez,member,jessica66@example.org,50
326,327,Treat push first crime onto star board show take no,membaca,publish,1998-01-16 07:17:24,Andrew Gould,member,michaelhenry@example.org,5
327,328,Avoid young arm point already world specific include music environment likely,membaca,publish,2020-11-08 17:01:10,Cheryl Bradley,member,longjacqueline@example.org,58
328,329,Could risk with more price material week market,membaca,publish,1999-10-17 06:38:50,Stephanie Bowman,member,qherrera@example.com,56
329,330,Conference around commercial price popular buy have,membaca,publish,1995-03-29 00:30:25,Miss Angela Swanson DVM,member,jonathan80@example.org,30
330,331,Agent matter mother seem medical goal tonight my surface institution,membaca,publish,2021-02-06 07:51:21,Jennifer Morales,member,fcarpenter@example.com,39
331,332,According paper discover place group force agreement question point under degree when,membaca,publish,2014-10-27 01:26:34,Angela Salazar,member,nicole00@example.com,57
332,333,Off plant commercial address artist strong page very site score share push kid,membaca,publish,1996-11-29 19:01:32,Jonathan Williams,member,dpearson@example.com,50
333,334,Enough follow southern involve at eight stage direction bar research chance citizen point,membaca,publish,2012-02-26 22:06:37,Mitchell Smith,member,johndaniel@example.com,132
334,335,Leave song this eat expert produce fish,membaca,publish,2016-12-10 08:10:56,Katherine Ibarra,member,lramirez@example.net,83
335,336,Usually site while strategy say left yes hard,membaca,publish,2012-04-02 21:32:03,Laura Gregory,member,howardemily@example.com,14
336,337,Better start year down order assume,membaca,publish,1994-05-04 06:54:37,Joshua Carter,member,jeffrey31@example.net,134
337,338,Off plant commercial address artist strong page very site score share push kid,membaca,publish,2013-08-15 15:21:24,Jennifer Summers,member,ihurst@example.org,50
338,339,Off plant commercial address artist strong page very site score share push kid,membaca,publish,1981-12-11 16:24:46,Kelsey Davis,member,zachary64@example.com,50
339,340,Huge wall house himself feeling evening center,membaca,publish,1991-03-06 22:08:07,Amanda Hernandez,member,kfinley@example.org,10
340,341,Call carry deal past remember country,membaca,publish,1999-03-11 14:49:55,Taylor Perry,member,rwalters@example.com,139
341,342,Conference around commercial price popular buy have,membaca,publish,2003-10-21 19:14:37,Hannah Reyes,member,julie31@example.net,30
342,343,Off plant commercial address artist strong page very site score share push kid,membaca,publish,1980-11-22 03:10:30,Jill Sherman,member,cward@example.net,50
343,344,Weight room east suffer child four his need give finish,membaca,publish,1989-03-12 03:57:31,Taylor Johnson,member,igarza@example.net,61
344,345,Hotel exactly use ago I according,membaca,publish,2007-06-18 20:50:42,Gary Perry,member,tranmark@example.net,4
345,346,Nothing successful change than and again,membaca,publish,1988-02-18 13:12:20,Stacy Chan,member,jacob61@example.net,20
346,347,Better start year down order assume,membaca,publish,1994-09-21 07:29:46,Rachel Martinez,member,rfischer@example.com,134
347,348,Difference experience get from land population fly season success foreign however government trouble value,membaca,publish,2001-04-17 06:59:54,Andrew Gould,member,michaelhenry@example.org,40
348,349,Weight room east suffer child four his need give finish,membaca,publish,2004-12-04 19:41:28,Matthew Smith,member,jesseevans@example.org,61
349,350,Off plant commercial address artist strong page very site score share push kid,membaca,publish,1980-05-14 21:05:03,Joshua Clark,member,allenmendez@example.net,50
350,351,Standard situation worry gun small thought,membaca,publish,1992-12-11 11:29:21,Autumn Robinson,member,vwallace@example.com,145
351,352,Congress perform read production win form great doctor common treat stay parent,membaca,publish,2020-01-15 11:02:53,Charles Douglas,member,kinglinda@example.net,31
352,353,Teacher government pattern politics research too sell hear,membaca,publish,1987-01-23 16:20:08,Brandi Meyer,member,coreycannon@example.com,21
353,354,According paper discover place group force agreement question point under degree when,membaca,publish,1976-05-26 04:33:38,Robin Lopez,member,nortonmarcus@example.com,57
354,355,Weight room east suffer child four his need give finish,membaca,publish,1983-05-06 05:37:04,Jennifer Miller,member,starkrobert@example.com,61
355,356,Nothing successful change than and again,membaca,publish,1996-02-13 06:37:11,Richard Higgins,member,nichole08@example.net,20
356,357,Include special that type think politics fish rich lose,membaca,publish,2022-06-17 11:32:10,Whitney Stark,member,bramirez@example.org,129
357,358,Off plant commercial address artist strong page very site score share push kid,membaca,publish,1979-09-15 16:35:52,Jenny Richardson,member,derrick63@example.com,50
358,359,Huge wall house himself feeling evening center,membaca,publish,1997-10-15 22:27:45,William Gonzalez,member,douglas70@example.net,10
359,360,Off plant commercial address artist strong page very site score share push kid,membaca,publish,2005-09-04 17:06:54,Laura Gregory,member,howardemily@example.com,50
360,361,Huge wall house himself feeling evening center,membaca,publish,1994-03-17 22:00:23,Walter Pratt,member,aevans@example.net,10
361,362,Conference around commercial price popular buy have,membaca,publish,2013-04-28 11:45:23,Barbara Sanders,member,kellyamber@example.net,30
362,363,Off plant commercial address artist strong page very site score share push kid,membaca,publish,1983-06-08 04:31:55,Kathy Santana,member,cjohnson@example.com,50
363,364,Off plant commercial address artist strong page very site score share push kid,membaca,publish,1983-10-07 17:06:36,Collin Lopez,member,lhebert@example.com,50
364,365,Better start year down order assume,membaca,publish,2001-10-18 17:09:01,Susan Williams,member,virginia18@example.com,134
365,366,Congress perform read production win form great doctor common treat stay parent,membaca,publish,2006-08-04 18:51:47,Christian Johnson,member,ashleyramos@example.com,31
366,367,Hotel exactly use ago I according,membaca,publish,1990-12-08 20:03:33,Richard Kirby,member,christystanley@example.net,4
367,368,Congress perform read production win form great doctor common treat stay parent,membaca,publish,2004-07-11 06:18:59,Dr. James Willis,member,mejiaashley@example.com,31
368,369,According paper discover place group force agreement question point under degree when,membaca,publish,1982-04-04 05:33:02,Stacy Chan,member,jacob61@example.net,57
369,370,Than two since any cause computer throughout,membaca,publish,2005-10-26 06:39:39,Hannah Reyes,member,julie31@example.net,38
370,371,Difference experience get from land population fly season success foreign however government trouble value,membaca,publish,1999-10-26 22:45:13,Gloria King,member,keymorgan@example.net,40
371,372,Nothing successful change than and again,membaca,publish,2011-11-10 03:28:22,Kimberly Smith,member,garciabeverly@example.org,20
372,373,Off plant commercial address artist strong page very site score share push kid,membaca,publish,1990-11-28 08:56:03,Jesse Sparks,member,falexander@example.org,50
373,374,Nothing successful change than and again,membaca,publish,2021-07-12 17:35:25,Kenneth Kent,member,david32@example.org,20
374,375,Difference experience get from land population fly season success foreign however government trouble value,membaca,publish,1995-04-19 04:32:19,Barbara Sanders,member,kellyamber@example.net,40
375,376,According paper discover place group force agreement question point under degree when,membaca,publish,1979-07-03 06:11:29,Matthew Russo,member,monica30@example.com,57
376,377,According paper discover place group force agreement question point under degree when,membaca,publish,2012-04-10 10:35:58,Michelle Hughes,member,pittsmichael@example.net,57
377,378,Amount forget might company around work director myself nation,membaca,publish,2019-04-18 02:43:43,Amy Davidson,member,paul43@example.org,80
378,379,Doctor would natural laugh all art poor foreign term,membaca,publish,2011-09-11 09:45:31,Rebecca Sandoval,member,bryantjennifer@example.com,26
379,380,Weight room east suffer child four his need give finish,membaca,publish,1985-08-28 16:52:10,Jennifer Miller,member,starkrobert@example.com,61
380,381,Better start year down order assume,membaca,publish,1990-08-30 13:05:49,Lorraine Garcia,member,frytimothy@example.net,134
381,382,Weight room east suffer child four his need give finish,membaca,publish,1984-08-15 08:21:36,Sherry Simpson,member,tthomas@example.org,61
382,383,Happen study word public grow activity agreement painting environmental executive successful pretty knowledge,membaca,publish,2014-05-10 00:59:25,Taylor Johnson,member,igarza@example.net,35
383,384,According paper discover place group force agreement question point under degree when,membaca,publish,1976-05-22 03:17:24,Scott Love DDS,member,richardsbrett@example.org,57
384,385,Weight room east suffer child four his need give finish,membaca,publish,1985-10-06 21:36:05,Jesse Sparks,member,falexander@example.org,61
385,386,Weight room east suffer child four his need give finish,membaca,publish,1993-01-11 21:07:38,Emily Howard,member,patrick56@example.net,61
386,387,To point threat address best type tend culture,membaca,publish,2021-09-04 22:28:34,April Snyder,member,william32@example.com,67
387,388,According paper discover place group force agreement question point under degree when,membaca,publish,2009-06-26 00:31:50,Vanessa Cooper,member,williamjones@example.org,57
388,389,Nothing successful change than and again,membaca,publish,1990-07-16 14:33:11,William Garcia,member,smithtyler@example.com,20
389,390,According paper discover place group force agreement question point under degree when,membaca,publish,1981-07-18 16:43:41,Kenneth Kent,member,david32@example.org,57
390,391,Huge wall house himself feeling evening center,membaca,publish,2003-12-28 07:23:48,Bobby Flores,member,brittanyevans@example.com,10
391,392,Weight room east suffer child four his need give finish,membaca,publish,1997-05-07 00:05:41,Danny Williams,member,jennifersimmons@example.net,61
392,393,According paper discover place group force agreement question point under degree when,membaca,publish,1978-08-22 01:50:47,Marc Williams,member,htrevino@example.com,57
393,394,Amount forget might company around work director myself nation,membaca,publish,2022-09-25 15:49:49,David Williams,member,emily35@example.net,80
394,395,Off plant commercial address artist strong page very site score share push kid,membaca,publish,1978-04-10 19:04:45,Gary Perry,member,tranmark@example.net,50
395,396,Leave song this eat expert produce fish,membaca,publish,2000-02-14 21:43:02,Mr. Dakota Lynch II,member,imacdonald@example.net,83
396,397,According paper discover place group force agreement question point under degree when,membaca,publish,1986-09-10 07:43:29,Caleb Clark,member,ericterry@example.com,57
397,398,Off plant commercial address artist strong page very site score share push kid,membaca,publish,1981-05-31 07:40:15,Mitchell Smith,member,johndaniel@example.com,50
398,399,Leave song this eat expert produce fish,membaca,publish,2005-06-07 21:50:24,Paul Brown,member,alexander38@example.net,83
399,400,Worry myself any seven maintain determine,membaca,publish,2019-06-24 10:07:24,Charles Douglas,member,kinglinda@example.net,118
400,401,Blue development goal win example time project enough realize camera impact born not,membaca,publish,2011-07-16 18:09:21,Emily Howard,member,patrick56@example.net,74
401,402,According paper discover place group force agreement question point under degree when,membaca,publish,1989-07-15 20:50:16,Margaret Jones,member,foxmichael@example.com,57
402,403,Process within toward nothing space most poor national like,membaca,publish,2008-06-13 08:13:27,Danny Williams,member,jennifersimmons@example.net,82
403,404,According paper discover place group force agreement question point under degree when,membaca,publish,1976-04-26 23:15:01,John Richards,member,tpayne@example.org,57
404,405,Difference experience get from land population fly season success foreign however government trouble value,membaca,publish,2003-01-26 17:37:28,Raymond Navarro,member,xmacias@example.com,40
405,406,Avoid young arm point already world specific include music environment likely,membaca,publish,2019-12-20 13:54:59,Kenneth Kent,member,david32@example.org,58
406,407,According paper discover place group force agreement question point under degree when,membaca,publish,1981-05-27 04:16:20,Angela Salazar,member,nicole00@example.com,57
407,408,Could risk with more price material week market,membaca,publish,1994-06-24 20:38:05,Timothy Tucker,member,coxtina@example.org,56
408,409,Hotel exactly use ago I according,membaca,publish,1990-08-11 16:24:10,Laura Gregory,member,howardemily@example.com,4
409,410,Weight room east suffer child four his need give finish,membaca,publish,1983-07-29 03:04:39,Taylor Johnson,member,igarza@example.net,61
410,411,According paper discover place group force agreement question point under degree when,membaca,publish,1979-09-27 04:40:49,Autumn Robinson,member,vwallace@example.com,57
411,412,According paper discover place group force agreement question point under degree when,membaca,publish,1978-09-04 18:27:00,April Snyder,member,william32@example.com,57
412,413,Better start year down order assume,membaca,publish,1990-12-17 08:43:47,Julie Chen,member,bryanfowler@example.net,134
413,414,Off plant commercial address artist strong page very site score share push kid,membaca,publish,1986-01-08 01:59:54,Barbara Sanders,member,kellyamber@example.net,50
414,415,According paper discover place group force agreement question point under degree when,membaca,publish,1984-07-27 23:45:01,Austin Heath,member,kingerin@example.net,57
415,416,According paper discover place group force agreement question point under degree when,membaca,publish,1978-05-20 00:11:15,Robin Lopez,member,nortonmarcus@example.com,57
416,417,Off plant commercial address artist strong page very site score share push kid,membaca,publish,1981-04-07 10:16:20,Charles Gonzalez,member,allenalexander@example.net,50
417,418,According paper discover place group force agreement question point under degree when,membaca,publish,1978-09-17 14:23:06,Autumn Robinson,member,vwallace@example.com,57
418,419,Nothing successful change than and again,membaca,publish,2017-04-02 19:44:07,Mary Alvarez,member,dthompson@example.com,20
419,420,Teacher government pattern politics research too sell hear,membaca,publish,1989-08-24 18:07:30,Stephanie Bowman,member,qherrera@example.com,21
420,421,Attack from attention including everybody human final mention one arm fill character,membaca,publish,2007-09-23 19:01:31,Jason Carroll,member,james67@example.net,12
421,422,Standard situation worry gun small thought,membaca,publish,2012-12-05 05:06:35,Alexa Hernandez,member,thompsonrobert@example.org,145
422,423,Off plant commercial address artist strong page very site score share push kid,membaca,publish,1990-11-05 13:42:44,Albert Williams,member,lwilliams@example.org,50
423,424,Today daughter last woman morning once deal offer firm arm,membaca,publish,2019-07-07 09:59:39,Julie Chen,member,bryanfowler@example.net,138
424,425,Off plant commercial address artist strong page very site score share push kid,membaca,publish,1982-06-30 21:04:42,Alex Woodward,member,kelly59@example.net,50
425,426,According paper discover place group force agreement question point under degree when,membaca,publish,1979-11-09 16:04:45,Vanessa Cooper,member,williamjones@example.org,57
426,427,Return ever try product thing beyond,membaca,publish,2016-06-30 09:47:15,Sean Green,member,kenneth85@example.org,52
427,428,Nothing successful change than and again,membaca,publish,1986-02-05 00:46:10,Sean Green,member,kenneth85@example.org,20
428,429,According paper discover place group force agreement question point under degree when,membaca,publish,1985-09-15 04:49:35,Mr. Ryan Sanchez,member,lfox@example.net,57
429,430,According paper discover place group force agreement question point under degree when,membaca,publish,2005-01-23 00:28:56,Vanessa Cooper,member,williamjones@example.org,57
430,431,Better start year down order assume,membaca,publish,1993-12-25 05:07:57,Vanessa Cooper,member,williamjones@example.org,134
431,432,Teacher government pattern politics research too sell hear,membaca,publish,1990-03-29 06:47:24,Laura Gregory,member,howardemily@example.com,21
432,433,Standard situation worry gun small thought,membaca,publish,2017-01-21 18:10:49,Michelle Hughes,member,pittsmichael@example.net,145
433,434,Fish road young collection reduce industry,membaca,publish,2015-09-10 19:36:23,Michael Stewart,member,christopher85@example.org,36
434,435,From fund four quickly news room,membaca,publish,1993-03-07 13:58:21,Debbie Waters MD,member,patrick03@example.org,100
435,436,Process within toward nothing space most poor national like,membaca,publish,2006-10-18 20:41:50,Jennifer Torres,member,tyoung@example.com,82
436,437,Leave song this eat expert produce fish,membaca,publish,2023-02-15 17:54:37,Linda Petersen,member,alyssa48@example.com,83
437,438,Standard situation worry gun small thought,membaca,publish,2003-03-05 10:07:31,William Garcia,member,smithtyler@example.com,145
438,439,Little model several officer base help official contain certain ok himself,membaca,publish,2010-03-09 11:48:01,Rachel Lopez,member,bradyeric@example.net,92
439,440,According paper discover place group force agreement question point under degree when,membaca,publish,1990-06-13 15:41:13,Jason Carroll,member,james67@example.net,57
440,441,Hotel exactly use ago I according,membaca,publish,2006-12-13 04:55:36,Laura Gregory,member,howardemily@example.com,4
441,442,Happen study word public grow activity agreement painting environmental executive successful pretty knowledge,membaca,publish,2005-04-15 13:22:48,Victoria Hernandez MD,member,ntaylor@example.com,35
442,443,Nothing successful change than and again,membaca,publish,1984-02-04 12:10:01,Kimberly Smith,member,garciabeverly@example.org,20
443,444,Political town all enjoy gun effect lose environmental different contain fish why tax,membaca,publish,2003-06-23 13:22:33,Kenneth Kent,member,david32@example.org,103
444,445,Off plant commercial address artist strong page very site score share push kid,membaca,publish,1995-01-31 18:19:28,Gary Perry,member,tranmark@example.net,50
445,446,Off plant commercial address artist strong page very site score share push kid,membaca,publish,1979-01-23 01:03:17,Jamie Hutchinson,member,welchzachary@example.net,50
446,447,Political town all enjoy gun effect lose environmental different contain fish why tax,membaca,publish,2008-02-19 20:29:03,Marc Williams,member,htrevino@example.com,103
447,448,Leave song this eat expert produce fish,membaca,publish,2002-11-26 05:02:56,Rachel Lopez,member,bradyeric@example.net,83
448,449,Congress perform read production win form great doctor common treat stay parent,membaca,publish,2017-05-18 04:34:36,Lisa Johnston,member,audreyburton@example.net,31
449,450,Better start year down order assume,membaca,publish,1999-03-30 13:57:18,William Jenkins,member,michael45@example.com,134
450,451,According paper discover place group force agreement question point under degree when,membaca,publish,1987-10-08 12:47:34,Alexa Hernandez,member,thompsonrobert@example.org,57
451,452,According paper discover place group force agreement question point under degree when,membaca,publish,1982-07-30 06:08:48,Mr. Ryan Sanchez,member,lfox@example.net,57
452,453,Nothing successful change than and again,membaca,publish,1982-09-17 02:09:11,Charles Wolfe,member,jonesjose@example.net,20
453,454,Political town all enjoy gun effect lose environmental different contain fish why tax,membaca,publish,2007-07-13 01:51:03,Susan Williams,member,virginia18@example.com,103
454,455,Off plant commercial address artist strong page very site score share push kid,membaca,publish,1979-10-15 22:09:01,Peter Mcdowell,member,michaelwelch@example.org,50
